year,days,avg_budget_13,avg_exposure_15,avg_allocation_18,avg_cash,avg_cut_13_to_15,avg_cut_15_to_18,avg_vix,avg_hy_oas,deadman_days,compression_days,normal_days,deadman_share,compression_share
2013,252,42.88095238095238,34.083333333333336,34.05634920634921,65.94365079365079,8.797619047619047,0.02698412698412734,14.230119047619047,4.6681349206349205,0,77,175,0.0,0.3055555555555556
2017,251,53.76892430278885,50.17131474103586,50.028286852589645,49.971713147410355,3.597609561752988,0.143027888446215,11.0902390438247,3.7650597609561753,0,49,202,0.0,0.1952191235059761
2021,252,57.714285714285715,46.99603174603175,45.15595238095238,54.84404761904762,10.718253968253968,1.8400793650793652,19.656150793650795,3.3190079365079366,6,2,244,0.023809523809523808,0.007936507936507936
2024,252,55.007936507936506,48.42857142857143,48.15873015873016,51.84126984126984,6.579365079365079,0.26984126984126994,15.607579365079365,3.1492857142857145,1,61,190,0.003968253968253968,0.24206349206349206
