horizon_days,cap45_days,binding_days,valid_binding_days,defensive_success_days,opportunity_cost_days,avg_exposure_removed,total_exposure_removed,avg_spy_forward_return,avg_cap_effect,total_cap_effect
1,25,12,12,7,5,7.416666666666667,89,0.0009579972492757457,-0.00012532087933110584,-0.00150385055197327
5,25,12,12,8,4,7.416666666666667,89,-0.007030985099368188,0.0003613990243214353,0.0043367882918572236
20,25,12,12,11,1,7.416666666666667,89,-0.06283368247528397,0.0045926318859693315,0.05511158263163198
