horizon_trading_days,valid_days,defensive_success_days,defensive_success_rate,opportunity_cost_days,opportunity_cost_rate,avg_spy_forward_return,avg_cap_opportunity_effect
1,18,6,0.3333333333333333,12,0.6666666666666666,0.002883968669330914,4.136323285634682e-05
5,18,6,0.3333333333333333,12,0.6666666666666666,0.008161991916390308,0.0014589355136720447
20,18,5,0.2777777777777778,13,0.7222222222222222,0.02431089547725608,0.00328227423453865
