scenario,avg_budget,total_return,max_drawdown,hard_first_days,avg_budget_on_hard_first_day
current,48.310077519379846,-0.12311573349373772,-0.12899794657184271,19,20.0
cf30,49.736434108527135,-0.12250996895729926,-0.1266750866867571,19,29.68421052631579
cf35,50.4031007751938,-0.12185338890067754,-0.1251578462977576,19,34.21052631578947
