horizon_trading_days,valid_days,defensive_success_days,defensive_success_rate,opportunity_cost_days,opportunity_cost_rate,avg_spy_forward_return,avg_cap_opportunity_effect
1,67,37,0.5522388059701493,30,0.44776119402985076,-0.0005022430045537306,0.00045035683159843173
5,67,30,0.44776119402985076,37,0.5522388059701493,-0.00036164992239758406,0.0011279078680299357
20,67,40,0.5970149253731343,27,0.40298507462686567,-0.013698033812238785,-0.0012037549974081064
