horizon_days,cap65_days,binding_days,valid_days,defensive_success_days,opportunity_cost_days,avg_exposure_removed,avg_spy_forward_return,avg_cap_effect,total_cap_effect
1,35,18,16,12,4,7.944444444444445,-0.005452793426519775,0.000535027956348509,0.008560447301576145
5,35,18,16,6,10,7.944444444444445,0.003980651726013515,0.00011764340707412835,0.0018822945131860536
20,35,18,16,8,8,7.944444444444445,-0.0041519158201102566,-0.0003718250944038738,-0.005949201510461981
