horizon_trading_days,valid_days,defensive_success_days,defensive_success_rate,opportunity_cost_days,opportunity_cost_rate,avg_spy_forward_return,avg_cap_opportunity_effect
1,156,65,0.4166666666666667,91,0.5833333333333334,0.0016042450992191548,0.0005795205920983029
5,156,54,0.34615384615384615,102,0.6538461538461539,0.0074130916479942036,0.0016171287927679294
20,156,31,0.1987179487179487,125,0.8012820512820513,0.036040110542455435,0.009310957316309376
