phase_cap,days_regime_cap_present,share_of_all_days_pct,binding_days,binding_rate_within_cap_pct,total_exposure_removed_pct_points,avg_exposure_removed_when_binding,max_single_day_exposure_removed,avg_pre_cap_budget,avg_final_budget,exposure_removal_rank,share_of_total_removed_pct
20,28,21.705426356589147,28,100.0,716,25.571428571428573,58.0,45.57142857142857,20.0,1,61.99134199134198
30,8,6.2015503875969,7,87.5,199,28.428571428571427,37.0,52.875,28.0,2,17.22943722943723
65,35,27.131782945736433,18,51.42857142857142,143,7.944444444444445,21.0,64.28571428571429,60.2,3,12.380952380952381
45,25,19.379844961240313,12,48.0,89,7.416666666666667,19.0,43.8,40.24,4,7.705627705627706
85,15,11.627906976744185,4,26.666666666666668,8,2.0,2.0,72.66666666666667,72.13333333333334,5,0.6926406926406926
100,18,13.953488372093023,0,0.0,0,0.0,0.0,69.61111111111111,69.61111111111111,6,0.0
