phase_cap,binding_days,total_exposure_removed_pct_points,avg_exposure_removed_when_binding,valid_1d,defensive_success_1d,opportunity_cost_1d,success_rate_1d_pct,avg_spy_fwd_1d_pct,avg_cap_effect_1d_pct,total_cap_effect_1d_pct,valid_5d,defensive_success_5d,opportunity_cost_5d,success_rate_5d_pct,avg_spy_fwd_5d_pct,avg_cap_effect_5d_pct,total_cap_effect_5d_pct,valid_20d,defensive_success_20d,opportunity_cost_20d,success_rate_20d_pct,avg_spy_fwd_20d_pct,avg_cap_effect_20d_pct,total_cap_effect_20d_pct,share_of_total_removed_pct,diagnostic_verdict,exposure_destruction_rank
20,28,716,25.571428571428573,28,13,15,46.42857142857143,0.08377747278049923,-0.09554459846088495,-2.6752487569047787,27,12,15,44.44444444444444,-0.08392343642851241,-0.275867865346931,-7.448432364367137,26,11,15,42.30769230769231,0.2516208981213942,-0.029876885109567906,-0.7767990128487655,62.42371403661726,PRIMARY_OVERCONSTRAINT_SUSPECT,1
30,7,199,28.428571428571427,7,3,4,42.857142857142854,0.07050269882265299,-0.14577007990020527,-1.0203905593014369,7,4,3,57.14285714285714,-0.48810307998555313,0.0796356990998464,0.5574498936989248,6,2,4,33.33333333333333,1.3447080955194868,-0.16646522882491885,-0.9987913729495133,17.349607672188316,MIXED_REVIEW,2
65,18,143,7.944444444444445,15,11,4,73.33333333333333,-0.5100861801626677,0.052776941557207795,0.7916541233581169,15,7,8,46.666666666666664,-0.10211258489607837,0.04415155622815823,0.6622733434223734,14,7,7,50.0,-0.727573058027473,-0.009195078909797436,-0.12873110473716412,12.467306015693111,SECONDARY_IMPACT,3
45,12,89,7.416666666666667,11,7,4,63.63636363636363,0.10077101399649235,-0.013521857580958894,-0.14874043339054785,11,6,5,54.54545454545454,-0.32242571078164156,0.021641714287270134,0.2380588571599715,12,12,0,100.0,-6.593936433525189,0.45912440290019263,5.509492834802312,7.759372275501308,DEFENSIVE_VALUE_CONFIRMED,4
