macro_profile,days,avg_risk_budget_13,avg_exposure_15,avg_allocated_equity_18,avg_cash,avg_cut_13_to_15,zero_exposure_days
BALANCED,3540,53.623728813559325,35.413841807909606,34.93686440677966,65.06313559322034,18.20988700564972,663
GROWTH_SCARE,559,57.52772808586762,18.28443649373882,18.164758497316637,81.83524150268336,39.2432915921288,276
STAGFLATION_STRESS,253,57.18577075098814,26.58498023715415,25.44387351778656,74.55612648221344,30.600790513833992,83
DOLLAR_LIQUIDITY_STRESS,62,40.193548387096776,22.112903225806452,22.116129032258065,77.88387096774194,18.080645161290324,14
