Date,BND,EEM,EIS,EMB,EWJ,FXI,GLD,SPY,VXX,XLK,XLV,XLP,XLF,QUAL,COWZ,MTUM,Base_Portfolio_Return,Filtered_Portfolio_Return,Base_Cumulative,Filtered_Cumulative
2025-09-29,,,,,,,,,,,,,,,,,0.0,0.0,1.0,1.0
2025-09-30,-0.0004031255998734329,0.003948190474853508,0.02263464387170777,-0.002096451762966245,-0.0037261897925252585,0.00390430393028951,0.008540004081594166,0.0037667067961630885,-0.003306300235589421,0.005457831877681674,0.024061870609211722,0.0033285922035997118,-0.004803297796803885,0.0058957414512865736,0.001045078634330343,0.003168479612917663,0.003642389845203204,0.006601151649845,1.0036423898452032,1.006601151649845
2025-10-01,0.0025224191611628033,0.007865108634423024,-0.005882352486538234,0.0034073544639692255,0.0,0.005833821090487135,0.0015753722020723782,0.0034076994727081367,-0.0057297535459371884,0.009791969751185459,0.030897451046401958,-0.001531145885855567,-0.008910287805712791,0.006889537175996718,0.006090130928189996,-0.0021446437398301432,0.003620068293028911,0.006428727265781644,1.0072756438382215,1.0130723159192236
2025-10-02,0.0010763850031851874,0.004645093723186777,0.0024069339351486807,0.0005255319687267335,-0.0007480649276703222,0.008941549678332716,-0.003482825151325697,0.0011516391661055003,0.014255304476929576,0.0054109175151659805,-0.0019515754527534845,-0.003961659447150767,-0.0007492781919548053,0.0026552312474537043,-0.0022484155215792834,-0.00035177564157795604,0.0020450716783156657,-0.00019442553809622537,1.0093355947296923,1.0128753487890707
2025-10-03,-0.001209777349487795,0.002959166409627345,0.0017008727191105688,0.0004202383495806039,0.0203368832122246,-0.007904302681323139,0.008032937892485048,-1.4749984535544769e-05,-0.005681777347838479,-0.005032243403394143,0.011383590117515219,0.0011546949245924143,0.0069354392381903995,0.0005601613967478603,0.0022534822861288717,-0.00601994236896175,0.001041612309319807,0.0032144069855083034,1.0103869311093974,1.0161311423856674
2025-10-06,-0.0022876661971068524,0.004609974907885839,0.007590835404583052,-0.0012603534280261064,0.01821949767958908,-0.00048277156463294446,0.01884573861512795,0.0035863272632872256,-0.00601506053953238,0.010115282176629492,-0.004833563900933813,-0.007304934608097113,-0.0003723376899439357,0.0017306452592618093,0.0015565020763801396,-0.00023604058858994748,0.002060905438644627,0.0008251408059135424,1.0124692430308562,1.0169695936554093
2025-10-07,0.001888060400855096,-0.007709192840334889,-0.01001187319267316,-0.0004205078332091272,-0.015731857345609335,-0.011352722966232798,0.005159462258136571,-0.003707626096903671,0.021785211416760042,-0.006675991909116719,0.0007629862947726718,0.009295207855448462,0.0013035951619055908,-0.005081095189965579,-0.00777061751648056,0.0011407796955476002,-0.0021154595791850047,0.001493897823609169,1.0103274052720563,1.0184888423180478
2025-10-08,0.0,0.007954131274642506,0.007209311513777683,0.0005258348880134989,-0.0025622261510962474,0.0029318763049663854,0.01649095687844504,0.005963110863889121,-0.01569436695625004,0.0175371140329017,0.0019413996126236288,-0.004988518076346926,-0.004835456478261335,0.004494192929911378,-0.0010441692685025927,0.005579575895976019,0.0026762600271000602,0.002196883309503177,1.0130313041210697,1.0207263434566516
2025-10-09,-0.0006725571436531075,-0.01027717948946727,0.01650277486662044,-0.0005255585310021127,-0.002446446743447628,-0.013154780264204802,-0.018452848086064955,-0.002896927773588187,-0.00030090661027093457,-0.0016857096457730814,-0.002214289931776303,0.0032138052651466964,-0.00355072785431354,-0.004677403229737309,-0.007839726693034565,0.0004689775239536953,-0.0034867756675537073,-0.003510350473427477,1.0094990912193902,1.0171432362536585
2025-10-10,0.003906399083180023,-0.036899678946029524,-0.02689498879384944,-0.0044189982942121064,-0.039117166091287014,-0.05381377380497754,0.01009770001194199,-0.02702787419005037,0.12759559846149338,-0.04069594511891561,-0.014425470857267308,0.0007687097659085929,-0.021755413618183006,-0.024314328036441624,-0.023178260961461028,-0.023707331531019227,-0.014010379545003605,-0.00518901503582294,0.9953556258010703,1.0118652647071527
2025-10-13,0.0016104037711801578,0.02907202697928435,0.020402122859161098,0.006868983534751738,0.011868448675639298,0.031307105825935766,0.02430104394061705,0.01534405245669701,-0.07606090728504333,0.024354288998396978,-0.001125733590866318,-0.003329018830716235,0.009585798790193722,0.009790111470656226,0.012223626214532102,0.019082344686089492,0.01005034885616083,0.0050518935029883055,1.0053592970763132,1.0169771002638264
2025-10-14,0.0014738034901820019,-0.008980328952246874,-0.006894527600901368,-0.000419753206597262,0.00945880614400374,-0.0032885894761006673,0.007141189222626965,-0.0012216093756775015,0.04419418374346096,-0.012834464461562667,0.002747341320492147,0.016058503979001992,0.011014113921363533,0.0007776817085527465,0.007281152260971924,-0.0024339628819757264,0.0024141302638788927,0.005958282875693288,1.0077863653814572,1.0230365375053005
2025-10-15,-0.0006689633101307768,0.016424397291767923,-0.012793824816059174,0.003464795940469001,0.01561725738856401,0.010152130599488052,0.017332403569977117,0.004439561180749063,0.0118948903741527,0.009910818325708393,0.001545600444682993,0.001770339352705097,0.0,0.003522814652324291,0.001763055407781433,0.002912080063492306,0.00547410522081295,0.004466368197096595,1.013303093985656,1.0276057953608821
2025-10-16,0.003748342097791957,0.0065006573113992605,-0.016676775313593906,0.0014650129948685642,0.0031984167680365605,0.004773936916600663,0.02338727694573106,-0.00681025770778676,0.09267357080257144,0.000738746549836744,-0.0016833789373155161,-0.006941907125365798,-0.027798708329612398,-0.007330603991814844,-0.007391786847133264,-0.007729657751682217,0.0030704053678725987,0.002969391174073783,1.0164143452447114,1.030657158940054
2025-10-17,-0.0013338226197445735,-0.00018452937580626383,0.0039845231648028,0.00031344227958762794,0.005518102259955082,0.00024996888747130797,-0.01881705572696668,0.005676293099704743,-0.07555667664576937,0.001757365220060425,0.00667499692329887,0.013345238275518145,0.008114429688667268,0.006084545390844687,0.005141807735138171,-0.00035596259209769165,-0.0016363547447212357,-0.000348405946534466,1.0147511308082675,1.030298071857041
2025-10-20,0.0013356040786758339,0.013658196561850966,0.011600764996216428,0.004386900414211858,0.018780459448186182,0.012250076584225056,0.03640197438905224,0.010400419493367341,-0.0801082279663039,0.011157343086712457,0.010609395408045508,-0.000878064204180462,0.011690346972195176,0.011113432677815505,0.01217145877471415,0.0056170967610209566,0.0060706353948551,0.007593475472491754,1.0209113149399216,1.038121614995043
2025-10-21,0.0012004192496419819,-0.011106955587970258,-0.007041636816391139,0.001247818687047042,-0.011611202468937987,-0.013583600581041244,-0.06426889260666147,-1.4888084340025642e-05,-0.007943525873219448,0.0005204775450660115,0.002348119575699137,-0.004644713055805161,-0.0011366180383521884,0.002658274513132053,0.008713813934811077,-0.002556834009487585,-0.005830760485628623,-0.008809103002805008,1.0149586255854388,1.0289766947591132
2025-10-22,0.0,-0.0009207513594635675,-0.0037483243900715557,-0.0020772997329089327,-0.0047232524674242216,-0.005007484622939651,0.00010605594835544352,-0.005198959693403782,0.0157176382001869,-0.009884141756669185,0.005719239565511902,0.005675471912998331,-0.005689410075420898,-0.006526157193223359,-0.0038009061467937366,-0.010450806277147673,-0.0020006174316877234,0.0005622799212687427,1.0129280816666506,1.0295552676940298
2025-10-23,-0.0019983350897079255,0.008846341401699265,0.013117689895405071,-0.0007284934648627006,0.0004866904305098618,0.016859531376296255,0.004002358382396931,0.005930091802329507,-0.02277368698677007,0.012610027767761656,0.0005479135812205271,-0.004890924701602795,0.002098095595233218,0.006363790038631523,0.004856023149579336,0.008130077816669079,0.0036530905423106915,0.0008706073638720074,1.016628399661828,1.0304516060915976
2025-10-24,0.001334679702221564,0.006576524113140136,0.006423774603078414,0.002916348055010065,0.0034055628968829854,0.003464537950563784,-0.0033528327110016187,0.008172460057694897,-0.011652207213162624,0.015531547361362197,-6.85180855345413e-05,-0.0032767739947628938,0.010848845336435486,0.003926843005122915,0.0006903459542217938,0.01004113752879321,0.0035809774609508087,0.0007609523341406885,1.0202689230471793,1.0312357306464721
2025-10-27,0.0005333290576994276,0.011070812413692899,0.012366695375062076,0.007685144166515556,0.012484777572909778,0.01307027606335387,-0.027839530498784404,0.011797628449856656,-0.03264817930090946,0.01846161786859346,0.002328499697437314,0.001643872382933953,0.004142391695867831,0.011784902762036698,0.005864228428302365,0.009471687209217983,0.0048594851160274465,-0.0003277493206555191,1.0252269046930724,1.0308977438363172
2025-10-28,0.0005327284849594438,-0.0003590590822888373,-0.002364406325987667,0.0,0.0047887226795582105,-0.005355384981600375,-0.007166030388359279,0.002656129300611987,0.029062509536743164,0.009899736684793048,-0.006285741176909498,-0.009972217981141673,-0.006375375914310033,-0.0002510279816182459,-0.007716187816744546,0.00011626077243609423,-3.5554635600752184e-05,-0.00293913389989068,1.0251904531240679,1.0278677973300872
2025-10-29,-0.004926563602290157,0.005746100909982843,0.0009875488167248037,-0.0044314993923560975,-0.008340254073249342,0.002692062233960124,-0.0037872684129753864,0.00048021656797447854,0.019435146787649682,0.0071864131850325474,-0.010106403459811064,-0.02358797193034634,-0.01698433643270214,-0.004067566140094847,-0.0043200160045967495,0.00027132300455812164,-0.002232696128525386,-0.0073610458187827405,1.0229015143683766,1.0203016153782891
2025-10-30,-0.0017398337532195107,-0.01035527488979704,0.0037486161305892995,-0.0011389203002445392,-0.00024037087102790622,-0.020014643172476254,0.01964188672951095,-0.010998035359931269,0.007745074131488838,-0.012297380219379428,0.0022225483439552995,-0.0010445893801547257,0.0026875501465510876,-0.00816866819898443,-0.0010412698326849323,-0.01728548166714805,-0.004284787881447306,0.000542020209157433,1.018518598355697,1.0208546394732603
2025-10-31,-0.00026784764316878373,-0.002345287606119073,0.006879544657004688,0.001865616913954371,0.0028842832337636626,-0.0109588654041467,-0.005430550723012573,0.0032802000099823037,0.005025071230982281,0.0009653884647005118,-0.00034650641864708565,-0.0028758551944506605,0.0026804949571663794,-0.002033543446323338,0.006601785999373222,0.002602990170190722,-7.596007791669721e-06,-0.0008172926265901336,1.0185108616804879,1.0200203025035985
2025-11-03,-0.001156775188350001,0.006329171347602358,0.010248961173667137,-0.0029297692411778264,0.00227683580853566,0.0030218535770227817,0.0017929035935666526,0.001876696652084675,-0.009411755730124094,0.004090731629785127,0.0013865061078541796,-0.007865797126291096,-0.004200850617497642,-0.0014263653312035496,-0.0006903459542216828,-0.0027535228450910054,0.0002987672643178935,-0.0012824253719182898,1.0188151593843102,1.0187122025877962
2025-11-04,0.0005385839639653334,-0.0183288904022485,-0.0178744057237763,-0.0011461681715810856,-0.009684350458438185,-0.011549051867145055,-0.01751719582531963,-0.011853550232820531,0.035926338287078696,-0.02639857223295461,0.0044999057037826695,0.004096192737639948,0.005177365639262854,-0.00765232034337604,-0.010189973595603696,-0.017000543039155436,-0.006398051286661549,-0.002758449326553671,1.012296727742941,1.0159021365986158
2025-11-05,-0.0028266276971504745,0.008969398122010253,0.022134837750152903,-0.0021908237372680883,-0.00036220142761167473,0.010160065010837771,0.011564369498526794,0.0034654021681033154,-0.03525364183873436,0.003912269164118465,0.0038593034970768603,-0.0006580276171478383,0.003433774419803415,0.003958378720019473,0.009771359061488294,0.003771779392359509,0.0026572909389075876,0.0022225127862634097,1.014986694665058,1.0181599920867985
2025-11-06,0.0039144929509846715,-0.007438335692587117,-0.014436997894116343,0.003345636818335329,0.0019323768071342062,0.00930343059362948,-0.0012005195756796816,-0.010729420496934372,0.039512829384547477,-0.020095499411444506,0.0019223397736880532,-0.00447720382342931,-0.0036121568666450665,-0.010343477607779872,-0.00760319316476632,-0.012872300208621512,-0.0013894409676941917,-0.0010614722414364315,1.0135764305698258,1.0170792435178573
2025-11-07,-0.000537715035636599,-0.0029244788197269056,0.004589903861840439,0.000520864872935789,0.003977780525470376,-0.004982534657260174,0.006119021470095687,0.0009847090759453891,-0.005144335425584012,-0.0034584222372667783,0.0013702375475277417,0.014682557251801454,0.007059681505130921,-0.00031041309242108017,0.0076614446080423,0.005062203476914773,0.0012360743331104648,0.0037763301932171958,1.014829286380299,1.0209200705740482
2025-11-10,-0.00026932051008332625,0.017598481487135276,0.021872249682122646,0.002291225877561809,0.004682518124466517,0.02053079395366586,0.02734111859838051,0.01560422430016195,-0.056305740357533884,0.02557609769390612,0.00780083435084733,-0.0036502246634034785,0.0035998381342920993,0.013974361130334012,0.0051841269080514785,0.01789023690879943,0.008145768464411937,0.006462838633523322,1.0230958507780574,1.0275181122478934
2025-11-11,0.0028260797110510882,0.0010809182234601256,0.004756457138162862,0.0022859054415700353,0.0008364885511573661,0.0,0.003937814406542062,0.0022892485351109215,-0.002130888830310429,-0.008526953322369968,0.02308526400478983,0.013083969522018402,0.004530876720036714,0.0031136276406942276,0.011346004278114608,-0.003364705713517435,0.003202651724034258,0.007847645833922438,1.026372470468404,1.0355817104807554
2025-11-12,-0.0004025274447403415,0.00017994685163702506,0.014391181611299597,0.00041472379230378387,0.007044728036820436,0.003680130422068384,0.016110762091908537,0.0005564170786802602,0.003965865556936565,0.0031058309704778964,0.014202285634978384,-0.0014206570191978019,0.008644974490501722,0.0024934038924087076,0.0027198072754166525,-0.0007149702120149426,0.003590821194758802,0.005427792907631491,1.030057990489079,1.0412026335441757
2025-11-13,-0.0029534095722151266,-0.011694790870589444,-0.01120030064657973,-0.004870510083592627,-0.015769383115553537,-0.00635540868327189,-0.008083098515826892,-0.016594035637111593,0.07019147323006325,-0.024938888165891515,-0.0005234196806611635,0.0,-0.01285631918436203,-0.010659304404062042,-0.006272366403825669,-0.023053435338229122,-0.005957034613213862,-0.0033174862531240917,1.023921899386118,1.0377484581206764
2025-11-14,-0.0014809728180688042,0.0005461303095382064,-0.003964560139808837,-0.0006246639892193429,0.011685336471101593,-0.013038217984370326,-0.018047911171504505,-0.00016358859396425895,-0.01845546573964396,0.005443292763461338,-0.005957778660757751,-0.0007758680207234914,-0.010003742471448529,-0.002719253275464517,-0.0003412353743926788,0.0011392974043094029,-0.0033182494175049903,-0.004872782391392856,1.0205242711399094,1.032691735707251
2025-11-17,0.000539237620109434,-0.011826718476261266,-0.011751260900296101,0.0002082132236134182,-0.017980524178474844,-0.011216412688532573,-0.011463979297139493,-0.009316434859877543,0.051489696124104034,-0.015651514836998226,-0.0008562561517866385,-0.006342443663025055,-0.01906574495693103,-0.010597634495488228,-0.01279860061028526,-0.011013181619859425,-0.005850747151271268,-0.004805175480745164,1.0145534416677344,1.0277294706996623
2025-11-18,0.0008088457041512953,-0.004971570360528865,-0.011891069424612377,-0.00031258656466615076,-0.02049234150975532,-0.004033233854798257,0.007264932736103624,-0.00839755294033906,0.03246218307315418,-0.016253039131227554,0.00586680187609212,0.0042987142862103145,-0.0015549863570603062,-0.006499710752983057,0.005704484088788986,-0.0054240533739779995,-0.0017964288553399166,0.001962726080949625,1.012730868589838,1.029746622135965
2025-11-19,-0.00040425532366872297,-0.00351593383558213,-0.001552815358066173,0.001667539013568753,-0.001237911741601705,-0.010123965926332357,0.0016294519610446923,0.0038631427043962496,-0.018651664561959436,0.006952710662318173,-0.0017039829788774163,-0.007652409186673204,0.003698797106465923,0.003558871154663912,-0.007390939848398226,0.0037596869631246754,-0.0016373367221301782,-0.0018236167855836078,1.011072687149061,1.0278687589109399
2025-11-20,0.0014819834925718922,-0.013741823593294011,-0.033825807872087776,-0.0023928689837352524,-0.014749664641363514,-0.013551414495133085,-0.0002933255655774847,-0.015242276237766972,0.07195214714725284,-0.03139126198901687,-0.005973814695745094,0.0071884939017723415,-0.008727733041722474,-0.012464035780679006,-0.015238051425143784,-0.020292201171558943,-0.006783003239818761,-0.0022306690357054054,1.0042145778364366,1.0255759238976683
2025-11-21,0.0024212245263466325,-0.0001882817978736684,0.011066465394396374,0.0027114380360151458,0.02138642019481307,0.0036287733175246473,-0.0015473311468576778,0.00996129221104658,-0.05471124297003371,0.003858186538489461,0.02106725139907728,0.010900836183102225,0.010956707582190806,0.013835862615099392,0.02074905829321194,-0.0007982879501891027,0.004375183783898426,0.007379788512749459,1.008608201172941,1.0331444573198008
2025-11-24,0.0017446384095858303,0.010546132490234505,0.016019800790337824,0.0020799732793690406,0.006774131956832408,0.01627048836549405,0.01584423909859045,0.014718458129947765,-0.06806004652458797,0.02382857349447054,0.004203999483844312,-0.011553380512194678,0.004257836655716218,0.008855126097656596,0.0018949210639689351,0.01879493916822339,0.005151098205986647,0.0020738299143022703,1.0138036410685463,1.035287023201186
2025-11-25,0.0022771923840847474,0.003540759762240775,-0.00421112423404868,0.0025948798117441108,0.002202188344348599,0.006353330478036989,-0.0003156907704157108,0.009405944613086525,-0.031627329290646156,0.0026813941012180376,0.022607478524679037,0.013766204494791712,0.012526469249148686,0.011927037828476594,0.01547456433540173,0.007882825766321044,0.00470615567417027,0.008226401252434087,1.0185747588264555,1.0438037096654769
2025-11-26,0.0010692782229677622,0.007242445174991952,0.008261167496204092,0.0010351007101070397,0.01635743005711654,-0.005808064754119102,0.007998338908444147,0.006903451122352244,-0.027018997599957406,0.01183773978846614,-0.0022045827806079776,0.010889123067897577,0.0078036136415111645,0.006887993114206736,0.006264866881390052,0.014209025901156025,0.0037836098932452107,0.004125182034326587,1.022428648360961,1.0481095899759525
2025-11-28,-0.0016019408631925414,0.0014748740068373234,0.012095284457976252,0.0003102914426165171,-0.0030025974403322664,0.004064065476610645,0.012424331348639184,0.005458464350335035,-0.020445589694334187,0.00859811164736346,-0.004860465193710639,0.005829358981108923,0.007176560452576641,0.003749964007930151,0.00622573158622286,0.010376322484938916,0.0025443900273454867,0.002440151181509769,1.0250301056175228,1.050667135830284
2025-12-01,-0.003903902731940856,-0.0007363509785004441,0.002602118138659071,-0.0035077817101538677,-0.005782464191775527,0.0027826375134289982,0.004821066034977672,-0.004565522877085559,-0.0012460156614126916,0.0004542923878965155,-0.014969974732189417,-0.001007968939623738,-0.008250606149336925,-0.0020699069762379896,-0.0026755597941005016,-0.01038964562636513,-0.0028309277186342264,-0.003723495698669487,1.0221283194790955,1.0467549812692865
2025-12-02,0.0009425274284375895,0.00036844679540837255,0.016053048601555542,0.004165746804557946,-0.0007270360504778584,-0.0037840119052940935,-0.006440050713598433,0.0018522513914331906,-0.011228964283559795,0.010301937798238292,-0.005988720872719289,-0.0065583099178594395,-0.000945305473672553,0.0038447414354125797,-0.0005030010567528276,0.00468411559792381,0.000478404705546074,-0.002077363341033204,1.0226173104768064,1.0445804908441536
2025-12-03,0.0014801127894397137,0.0007366938127175704,0.014664189632053626,0.0012445889537713306,0.0016976195404279082,-0.007090404003784467,-0.0009296182229129313,0.0034628390228845785,-0.008832829019135513,0.002385010504797558,0.004664482584749052,0.0007618844419534643,0.013436728205960868,0.003477310604567574,0.01174298995857237,0.003978870650246158,0.00219065512821715,0.0024533309701511834,1.0248575123322061,1.0471431925131571
2025-12-04,-0.0018808133691234907,-0.0001840199798028852,0.003636338929715599,-0.0008287767316228489,0.012226170916511458,0.0025503066035492683,0.0006461951944911615,0.000731151162097321,-0.010502861963868515,0.003724389270501005,-0.007609029036996007,-0.004820500806250849,0.0020541415503820826,0.000803500633404397,0.0018239125410748347,0.007205841223049569,0.00036740820241299885,-0.0018609101665942654,1.0252340533885416,1.0451945531003295
2025-12-05,-0.001211788447348705,0.00754642259021554,-0.0009289628269391059,-0.0013474990368548267,0.0009566184205003214,0.014754526251621991,-0.0017823532991586566,0.0018993336917458858,-0.011900959711079406,0.007317863036455874,-0.004158577128329788,0.00012749867680161842,0.00037275406110182097,0.0024087211593077917,0.004137691372336105,0.004729635835624801,0.001970460511274202,-0.0004042332810831001,1.0272542366055573,1.0447720506767595
2025-12-08,-0.0014825067174264461,-0.0021922457566183606,0.01394819195617436,-0.004152505284482855,-0.006093137041913055,-0.010528908528341874,-0.002639449868615973,-0.0030041115903878257,0.01171877013014977,0.0070257525488439665,-0.011940520900669105,-0.008284559151094939,-0.003725718567272329,-0.006057207724136426,-0.005439205594626184,0.0023339968444127113,-0.0024252795382131076,-0.004627678555788528,1.024762857924975,1.0399371814621554
2025-12-09,-0.0006747031831282335,-0.0016476898802547657,0.0019259240827600443,-0.0008340467661405171,0.0014423446681459673,-0.016468238637286636,0.005137202012788666,-0.0008631857374462593,0.0051480002511221645,0.0026419883011166156,-0.009707401060915277,0.002313248409452795,-0.0037397239103448277,-0.0007051395302987151,-0.00016572191617147958,0.0004736787860049052,-0.001676637795362736,-0.0009770433124860261,1.023044701786094,1.0389211177936022
2025-12-10,0.0029714204402762068,0.011186463719847994,0.011990862172281291,0.004069051422037395,0.007202100700265168,0.006955175809915559,0.00425914796716631,0.00663226596624833,-0.039052475105406326,0.004796533796643132,0.014537175318830808,0.002949263679128844,0.01144899210964545,0.004687224724307049,0.014254834480805112,0.009546292647493182,0.005146369438549418,0.005341559847395788,1.0283096677736359,1.04447057712102
2025-12-11,0.0,-0.004715244662215068,0.012753283135324311,0.0007272032094176595,0.0036945121377565115,0.0025582351318234053,0.010769830543307712,0.002326892036534245,-0.01798803821762407,-0.0051098084976758384,0.009464990110915172,0.0074150637874668135,0.018185195006597876,0.008377620005061148,0.005556529934896304,0.0005470103898361778,0.002520925443953755,0.005521925617410326,1.03090195977939,1.0502380659574562
2025-12-12,-0.0030973971805480227,-0.01166174951968968,-0.012414063447088286,-0.0005190886963166719,-0.002612337011222654,-0.0028067788571920493,0.005594579039939651,-0.01075200956203659,0.0016961039750880147,-0.02892481205189623,0.0031253810131386395,0.007867816856896193,0.0014579241123839903,-0.007462278378145948,-0.003575560228820107,-0.025775102647107362,-0.005536081526315825,-0.0006188550460447728,1.0251948024844126,1.04958812083079
2025-12-15,0.0012159385337708883,-0.002949891428105089,-0.009224141974069733,0.0013505457546088007,0.010357159334521748,-0.008700124892497274,0.0009103412637567754,-0.0015107595125137818,0.0010158746562589638,-0.009673690786655698,0.013241686020277088,0.0027701202859542473,0.000727936089989667,0.0009022676633752003,0.0011417635767887457,-0.004489713451855004,-0.0005587746307890918,0.0027108112854545394,1.0246219496371676,1.0524333561538173
2025-12-16,0.001888785677136351,-0.006320705730391563,0.0029409071811370424,0.0026973662072216076,-0.011722353738512714,-0.009498035207414213,0.00022745542760294057,-0.002732363256316539,-0.0010148437022617918,0.0018270820727595005,-0.013004532882529674,-0.004520384150957901,-0.006364789998078435,-0.0044655532639199524,-0.010915555081685513,0.00016553042852596178,-0.003313098029559677,-0.004116743742173403,1.021227276674781,1.0481007577208166
2025-12-17,-0.00026934809185830133,-0.007172545089687232,-0.005423356029770843,-0.0038283502228645405,-0.013729156002829201,-0.0028977932789341354,0.008588228474273762,-0.01100356428531768,0.015577347571166245,-0.022236258240064144,-0.0018174077637114205,0.004667074688817108,-0.00018296332074729804,-0.009233599470179321,0.0011529834288388496,-0.023535570287826824,-0.004399328499146145,-0.0006351308102419835,1.0167345624124002,1.0474350766373501
2025-12-18,0.00212189950461128,0.011406910630922251,0.019316140227826573,0.004362313257434192,0.0028844079109195953,0.009511174879077045,-0.0018032036998042456,0.0075511768241409705,-0.035011645384263934,0.015424310759431403,0.0007802783561072779,-0.005775200786691692,-0.0016474677250030156,0.00718069734236737,-0.0031260504955695767,0.01732258937352782,0.003980622980719561,0.000419344958022656,1.020781799376831,1.047874313255594
2025-12-19,-0.0014835373117877415,0.009774434789578512,0.008160301092730249,-0.0004880453892873726,0.00762787422957012,0.010206728651633412,0.0011289903434379411,0.009063578290348762,-0.03731858686163725,0.021619464995230153,0.006692259867688843,-0.005177607190406164,0.005500455405111682,0.005410215556314046,0.004951337214012197,0.02105095188664241,0.004195838058539893,0.001509822421815635,1.025064834500121,1.0494564173889922
2025-12-22,-0.00027009632553631757,0.005398314493576306,0.007284852231489225,0.00041558677693953605,-0.001489237158161627,0.0007773305054579183,0.02308160549906857,0.006229909040435855,-0.031227595842555078,0.0053953343531167874,0.006591799930651732,-0.0034931190351007446,0.012278417537277653,0.005180058250370045,0.005912292328452695,0.0085173399245706,0.0028574427579722787,0.004185958440522857,1.0279938985879153,1.0538493983373225
2025-12-23,-0.00013508464863543068,0.0055545592369175,0.0034821138556799802,-0.000519083133021403,0.008451374541272205,-0.002588757470037728,0.013252341857567629,0.004570434077165064,0.004075606198013837,0.005442338200998487,-0.0019962019641520667,-0.004750703399262202,0.0019884724716130453,0.001451058868964017,-0.0019591808595185167,0.0036703338162136223,0.0021243911392513914,0.0013356805460108428,1.03017775971728,1.0552570044771068
2025-12-24,0.002432169821379393,0.0020253578531119754,0.0007118432163950583,0.003012557602485977,-0.0017254207196075733,0.0005190953058582526,-0.004134082564786645,0.0035176469336466454,-0.0014760485226670284,0.002398169601458555,0.005226241383080588,0.007869786984718186,0.005412236783635116,0.004146690340418813,0.003108152293153754,0.00452177322087155,0.0023411439486824663,0.003057723747128489,1.0325895541455095,1.0584836888790201
2025-12-26,0.0,0.006982753585108359,-0.024628810316404404,-0.00010341130496638318,-0.00037028412156348,0.009857394636152872,0.011676735474757116,-0.00010139418790333643,-0.003325948054846317,0.0015719962342430893,0.001604686668666977,0.0014081505297587338,-0.001973843387915619,0.00019889377178361478,0.00016307339802135168,-0.001722296586548766,0.0008124108666697871,0.0016716981469269733,1.0334284411201071,1.0602531541002715
2025-12-29,0.0014826317563942926,-0.0025547173790545497,0.003828677792948376,0.0005178463906745367,0.001481969341433631,-0.011816122697019593,-0.0435283019531133,-0.0035636809822511273,-0.01112344251755304,-0.004504165553636752,-0.0015381657754254263,0.0006391683773283585,-0.005393748575075019,-0.002636345725321343,-0.0019566252295724063,-0.006038498106139767,-0.004597951454102058,-0.006754200242277501,1.0286767873165485,1.053091991989972
2025-12-30,-0.00040383219775519397,0.004024848227240696,0.005266899866733121,-0.0012423025654025865,-0.0013565168431336483,0.005198849135967798,0.0007275678386380324,-0.0012212056239845337,-0.014623149176332229,-0.0031534706549178892,-0.0008343162037591778,-0.0016606769247764497,-0.002530681617902708,-0.0019950236196983884,0.0008581352931367192,-0.002761485317929968,-0.0004433561638893372,-0.0010495681766337292,1.028220717122242,1.0519867001481116
2025-12-31,-0.002692915426228293,-0.0030976646847499234,-0.006052354362796497,-0.0019695553287100154,-0.002963762303383577,-0.009826705816324166,-0.006467991163222386,-0.0074088956888227475,0.007229780127271157,-0.009903068241895463,-0.005652585627518358,-0.006014133811492184,-0.007430274999459252,-0.007396327928447577,-0.007832450244884104,-0.009810504860586877,-0.005226275578741532,-0.005293907392501924,1.0228469522987897,1.0464175799793838
2026-01-02,-0.00040498041272241103,0.027965680334191667,0.01790420908439927,0.00020773075075553038,0.007307541904642889,0.0399581879952291,0.004970859258759619,0.0018330346379591411,-0.013978048412645494,0.0022921281051666575,0.004586494947870001,0.00012873878040520204,0.002921291374914814,0.0028698332374144098,0.00448727800256421,0.009668026595672341,0.008266939958057617,0.0034934467443166793,1.031302766639726,1.0500731840673585
2026-01-05,0.0018908859529906952,0.011024122939343517,0.020357147262428432,0.0015575750322747162,0.022131991760418357,0.0027624368049510295,0.026313174195160993,0.006660178462529753,0.010727922421628344,0.002217480560034124,-0.003022246451761079,-0.004376354911352798,0.021846078056322993,0.009990393955714216,0.008272709100726416,0.00945669885115441,0.007890739960802024,0.006357019369211777,1.0394405085921357,1.0567485196375646
2026-01-06,0.0,0.007386552577740124,0.017763348636518073,-0.0010369050060373697,-0.000721777547458613,-0.0005008950949144664,0.010813149047262716,0.005947257666825578,-0.013646653315225854,0.01403679533693758,0.019672268354945066,0.0015513556944637408,0.004810218138023181,0.008599374076244226,0.010338018588095688,0.011720057747266921,0.004933098865650021,0.006938865569220588,1.0445681713859822,1.0640811555558025
2026-01-07,0.001078451909696465,-0.007506980201585689,0.006964170990596319,-0.001971762744087724,-0.001805747216443665,-0.015785524870146395,-0.009559953917112063,-0.0032235029947706995,0.016141432317639648,-0.0008181647400549164,0.009931113841958883,-0.010971857162287657,-0.014007066828150005,-0.004829814811956656,-0.00584705550334208,-0.006353852257383941,-0.003404408235392171,-0.0024933329192930107,1.0410120349008873,1.061428046981856
2026-01-08,-0.00175063599054337,0.00035181853286414544,-0.003927598246967978,-0.0015600069132841732,-0.0007235130262409628,0.0030551031053267508,0.005522515913727544,-0.00010151182144413351,-0.007186101748102303,-0.01562819408231786,-0.009645557451103626,0.02375348767486085,0.005214878070813889,0.0023770595620409285,0.01159940556188599,-0.012243167602948635,-0.0001203585245025951,0.0028181659070347503,1.0408867402283772,1.0644193273166307
2026-01-09,0.00215857012593923,0.004747677523108562,0.01131497990102237,0.003645511483525654,0.021119917762890017,-0.0012691799961781491,0.007242001159325273,0.0066134796584182975,-0.01904761904761909,0.013241726402700493,-0.005122592260492165,0.010326310663518523,-0.0030411454700360885,0.00820119177123102,0.0009690320764563776,0.014447385887222941,0.004254630752808459,0.0037468985552884066,1.0453153289635433,1.0684075985563743
2026-01-12,-0.0009423666926642316,0.014000647185167248,0.001271336256177369,-0.0008302331432055166,0.008036937564868118,0.032782763864593445,0.018722729613168898,0.0015703444104990805,0.003495151556811349,0.004379137104723263,0.00044494832422592445,0.011735028352644061,-0.007895234977990162,0.0007840942387542515,-0.0014520787266951718,0.007626937428042435,0.00633495142231119,0.005395047544848566,1.0519373507935246,1.0741717083478635
2026-01-13,0.0008083237923814934,-0.007421467676817728,-0.0038940177466115777,-0.0012463024623723395,-0.009848795544810884,-0.009596434167292722,-0.0014210408732292512,-0.001999516689819014,0.026702806887890507,-0.002111845719566352,-0.004066457945121504,0.011598914759086254,-0.019171710266903674,-0.0034276024868101773,-0.0003231880208461879,-0.00015453278621313515,-0.00200999728902705,0.0003727671893485561,1.0498229595702033,1.074572124316462
2026-01-14,0.0020193883221923947,0.004173238400327461,0.009263207163390241,0.002079817547124607,0.0069864206472869395,-0.005217393629241895,0.010222226854542216,-0.004915311552799784,0.022615848420355134,-0.01215184902873545,0.007145456258571992,0.013808424859153234,-0.0014751190697429584,-0.004520108020376612,0.0066267795890551096,-0.012282284858831094,0.0020244486050939414,0.005403385644940414,1.051948272196301,1.0803784519074469
2026-01-15,-0.0014778511831127217,0.005887440253616427,0.004715373102507137,0.00041503459755620753,0.0044684668561947305,-0.0009990380131658094,-0.0061276608305878,0.0027232884465351326,-0.029856228934711626,0.005252315171506483,-0.005701154185497992,0.0017025200190083911,0.004062801969227037,0.0043433286795775405,-0.0003211023034663807,0.0057873113360709105,-2.4605500193557173e-06,-0.0015554203873109963,1.0519456838249595,1.0786980092373384
2026-01-16,-0.0016147887020251384,-0.0037872619437471222,-0.0014246838554545782,-0.0019709037478226055,0.0007024276139004915,-0.017499976459542044,-0.004818883830700504,-0.0008377644449499844,0.0037994066348485678,0.0010999509928035778,-0.007772808339391868,-0.003156529895977589,0.0012874498918649113,-0.000884629616985988,-0.009476365757988381,0.00454893518273658,-0.003142359558115623,-0.003402868550587887,1.0486400922507737,1.075027341706123
2026-01-20,-0.0036386493972160316,-0.009676825784336707,-0.017792762877776647,-0.004989083327059496,-0.020589601694765425,-0.010941490185156222,0.03783617488689295,-0.020356834003122604,0.11203630113266327,-0.02595800023409267,-0.0021830918647318676,0.0030447320566653335,-0.022777316111101453,-0.018592311314974186,-0.010377784989523131,-0.02144140924152449,-0.004074522047421204,0.00235390611052035,1.044367385075088,1.0775578551347416
2026-01-21,0.0028405489502083547,0.016576509716315968,0.0010254301563428214,0.008043500467769249,0.012661203921660924,0.012091640176756346,0.014568979615140476,0.011541171372927428,-0.08917627660736804,0.013888899385535947,0.01840407795009802,0.0009714813707659697,0.00488708221333467,0.012228760241252967,0.015402177011870855,0.01012497834581616,0.005455185632846083,0.006408532884280353,1.0500646030295628,1.0844634200840872
2026-01-22,0.0004044923061377048,0.007552355978729608,0.005719125901942013,-0.00020725716021496865,0.0009436101334807656,0.0035586552374688996,0.01846258414950319,0.005223034841890906,-0.028400606217543256,0.007440320422231972,0.00018965902469969542,-0.002062288216451269,0.006547042162451611,0.0032678759877815544,0.0019364382305513406,0.0026234432472174163,0.002278829979092138,0.002422481321832143,1.05245752172693,1.0870905124634511
2026-01-23,0.0010789143661906753,0.006303253846087431,0.008148045031364681,0.0024874377516286295,-0.0035352247465190167,-0.0010132088044418897,0.013745304981574558,0.00036283245729173963,0.020384641794058078,0.0014494653161014615,-0.005117285230168966,0.00777931366681206,-0.013752123081727463,0.00024660501415052494,-0.0004830652346123898,-0.002265029309152622,0.0020962737182538527,0.002847152165443296,1.054663760769305,1.0901856245700443
2026-01-26,0.0012117845146983885,0.0016928516195238164,0.012965157125605753,0.001034010458687895,0.0008277729668670908,0.0002536565572071048,0.014628847613605389,0.005078168996109245,0.0015076896774768311,0.0068235145855011226,0.003937137251158962,-0.0015680324719097305,0.006406634284733759,0.005180685476235514,0.0033837743988018865,0.005714494731126507,0.003616382020288835,0.004056771695341207,1.0584778278312013,1.0946082587544679
2026-01-27,-0.0008070191268593208,0.01977356535160002,0.009142240548690284,-0.00041314432035077786,0.014297524653803517,0.012420758516480612,0.02453194232197564,0.0039842915730679,0.013925511610204167,0.013485560260871887,-0.016761600278278665,0.004590583924868108,-0.007676369096720426,0.002012448592401128,0.0030512092377370514,0.01272619972771305,0.006474324380194695,0.003124172585870555,1.0653307566378245,1.0980280038687362
2026-01-28,-0.0004036244760583507,0.006794811659930566,-0.00568272646978496,-0.0012399452373842434,-0.00733922474216564,0.014021069855349344,0.038773348494905324,-0.00010064921396324422,-0.0025983553614160604,0.007970328511381908,-0.007333544606516584,-0.010101068663515123,-0.00018869641449859031,0.0006368064023558606,-0.004883099307631422,-0.0004996038375886247,0.002113357486600722,0.0019899993709576987,1.067582181368071,1.100213078905729
2026-01-29,0.0001344551011779327,-0.005102853644219141,-0.00869708888966736,0.00010337533123006004,0.010327422132479391,0.006913551426258602,0.0027094717415592218,-0.001984439728138443,0.013397792771085104,-0.015814609390641388,-0.0031753913427814418,-0.0023080706048744792,0.01056790050047507,0.002300904256274716,-0.0015283962814214291,0.003960187953423011,0.0005455797690775625,0.000231149061342443,1.0681646326080532,1.1004673921261947
2026-01-30,-0.0004039442177095065,-0.022170775183136038,-0.005765410270283655,-0.0009309355023403576,-0.004297777512449863,-0.0286905605291633,-0.10274245274560034,-0.0029825340247910948,0.00991555131482369,-0.020357895485376032,0.005980947017088845,0.016802687884682754,-0.002054053789010357,-0.011331448157784973,0.0033837743988018865,-0.020029096107978983,-0.010966209844776233,-0.01212709667948496,1.056450915098105,1.0871219176692597
2026-02-02,-0.0010136467551902228,0.0030456900877002813,0.01453906541766714,-0.0002600018941943949,0.001983216486844963,-0.01110832959769592,-0.04004945911975233,0.004971211279279464,-0.050181787664240085,0.009591151273422138,0.006139361315544711,0.011854816766592835,0.011040340469808063,0.006471698406552928,0.0036132594303797116,0.009652499481524801,-0.001140438102320315,-0.00213670288336695,1.055246098221296,1.0847990611332043
2026-02-03,0.0002704180415646906,0.005398090409023171,0.0064612425263930184,0.00020812105708145623,0.009197782465170334,-0.01148831946447193,0.06358720612372104,-0.00845533075035465,0.04402754906511808,-0.021891733357622956,-0.010212597574381532,0.01621306885163709,-0.0092540322508603,-0.011583993788513824,-0.003600250790260051,-0.007392709034034883,0.0021676322210734626,0.008374183008031524,1.0575334836649626,1.0938833669980745
2026-02-04,-0.0004056758702618568,-0.013422768703556742,-0.006995860624016359,0.000415910128732655,0.009344663792016261,-0.011621934075406237,-0.0007044119795716064,-0.00484383887388995,0.01393469579713269,-0.027871641921993207,0.012524295991413359,0.013042987268448325,0.008032888677551142,0.0012414265030378235,0.014613800425364643,-0.036654350995261153,-0.0027115362602229184,0.0038202723094319015,1.054665943277605,1.0980622993347653
2026-02-05,0.004330128003576572,-0.004591843821618147,-0.015582289401623206,0.0024948321042990163,-0.015887483945272507,-0.0018290763179658054,-0.026631707613677613,-0.012489370624430896,0.06148284941747906,-0.018027786860153938,-0.007626867436026474,-0.000804724650882993,-0.012416661705201948,-0.01180420806350091,-0.0055397311817718675,-0.011819440218988175,-0.0038408447712873876,-0.00533982380301949,1.0506151351039124,1.0921988401315792
2026-02-06,0.00013469691510392678,0.026311275914818966,0.009598417984786556,0.0025922786697125666,0.038327598461696644,0.02670155319222567,0.03073229479090611,0.019184951600759614,-0.05894376557925263,0.04055144234856756,0.01853539029813689,0.011734894765193404,0.01820228068511409,0.022083809572535307,0.01893993492395163,0.038340258878327704,0.015367580301377668,0.014528861697775123,1.0667605475584645,1.1080672460263215
2026-02-09,0.0002695679841617782,0.0073247921364336666,0.01184217524890907,0.00031016176322817834,0.021140905477405214,0.0045895671646676295,0.02540290594406658,0.004821764563112119,-0.03692977649424223,0.015730285628470897,-0.00881360919446561,-0.005799392126292546,-0.0058975694666831835,0.0019151852972871808,-0.0024992413490600995,0.015543055044527465,0.003024372691695057,0.0010780743580548692,1.069986829027078,1.109261824911263
2026-02-10,0.0029628708637672307,0.001487359786508824,0.013846540882412661,0.0025848557556646945,0.01982690051560776,0.003299419275284654,-0.009913720520981939,-0.0026371350560441265,0.02142855964849133,-0.00558070707686853,-0.0063331600310264635,-0.00320252145865485,-0.0072302704516733485,-0.0020095647698646912,0.0010962331342592169,-0.009206440193518572,0.001412702808741471,-0.0015570195246088548,1.0714984024257608,1.1075346825919727
2026-02-11,-0.002014195331324853,0.015841587792086553,0.0018697367444107105,0.0001032509448111174,0.009344838780376508,-0.001517793555381064,0.011310577541873812,-0.00023116280847257364,-0.0018402369127769047,0.0029463137292353725,0.005922805027094302,0.0143430763423964,-0.015125914809622554,0.00083483291128017,0.0087595379557861,0.0003528214635100113,0.002775798523894429,0.004896516455137417,1.0744726661095696,1.1129577443899197
2026-02-12,0.004574898955612028,-0.011371024008201225,-0.0021908337717096993,0.00278391929967281,-0.006384998477993564,-0.02052199311490077,-0.03472828959819363,-0.015448908452140975,0.06157817199909621,-0.02629914480569695,-0.0015999664642758482,0.009162936597936211,-0.019909042167917446,-0.014966246208513057,-0.01504109133613818,-0.019400317787584664,-0.00659864262296795,-0.005059821689071346,1.067382604977765,1.1073263766558357
2026-02-13,0.0029465999759601402,0.004272099570131305,-0.003822077123347367,0.0017481096517244499,0.00514079006682433,-0.008535873344349021,0.024878663914389865,0.0007046233276368774,0.015977737750767718,0.0025139492114716333,0.010705057947770769,0.0033628212900811416,-0.0007737651338203255,0.005031304749088195,0.010075595957959926,0.005115844809066905,0.003791983717200929,0.007583797336318529,1.0714301024358641,1.1157241154815534
2026-02-17,-0.00013350967736547315,-0.004090306581330028,0.003183709731381823,0.002052977459148675,-0.0210974861281088,0.004956935643962934,-0.03117025433910059,0.0016134293041962788,-0.03350425785423339,-0.000573116459832268,-0.00190260958988131,-0.014635254979956103,0.010648518521758188,0.0024287925638879493,-0.004831728827446091,0.0006760293822094532,-0.003732368879975538,-0.007640543733804471,1.0674311300644634,1.1071993765823562
2026-02-18,-0.0010685329917254904,0.005257085477405221,-0.002441268930232887,0.00040968982089584216,-0.005333689363506755,0.005192100639628716,0.022489929267582198,0.005037695790158558,-0.00035373996179355327,0.010252293890234965,0.0019062364135622456,-0.0018140485207502888,0.00747127894971733,0.006180809847394331,0.007204359190525533,0.007311794231411817,0.003702795431597506,0.004371084123975811,1.071383609176411,1.1120390381994114
2026-02-19,0.00040101100722989,-0.002451363913489102,-0.007749363819414712,-0.001126286289813927,-0.001969757486043444,-0.002840915012659151,0.0027930496262249527,-0.002637440014283343,0.025477682502587085,-0.004967566655259104,-0.002600301689863027,-0.004202638546851656,-0.008366637125841736,-0.0022606111609234647,-0.002954420991109874,-0.0007495391077860791,-0.0011117764496855653,-0.0009782389029950609,1.0701924701111496,1.1109511983505955
2026-02-20,-0.0001335123658652293,0.021297508080049266,0.009289673824434797,0.0010251610728400085,0.002960509687430335,0.005179997909605438,0.019714504323102178,0.007231834702975171,-0.02104895488745262,0.004778512541479207,-0.0027978476946096675,0.0025094290971190425,0.006519730304865634,0.006698524797168703,0.0023392794102876646,0.005842891450138943,0.004812487240332195,0.003853637663166014,1.075342757718259,1.1152324017304986
2026-02-23,0.002138779945372704,-0.011068331681383214,-0.0030951882766063754,0.0006144667163459072,-0.0008745956913266406,-0.0033496771832171035,0.027015500392687075,-0.010211295817177612,0.03771588520168456,-0.016751835882032662,0.010967950899011258,0.012287994252431211,-0.03353023130687338,-0.010421296856140017,-0.007312799853744001,-0.01974255414987436,-0.0020615685166149667,0.005158264181567532,1.0731258649443771,1.1209850650824686
2026-02-24,-0.0005336059217130318,0.015733992801168606,-0.010948597971430774,-0.0006140893788617596,-0.0017507225570586593,-0.008014476713065988,-0.01385890426498504,0.007268586321031556,-0.03226904706881528,0.012994421486232755,-0.004226028559187411,0.008654624474622175,0.004928042391029175,0.00845448193271836,0.007366670843208745,0.009569596943205472,0.0007300793611338752,-0.000374565743716377,1.073909331990272,1.120565182477871
2026-02-25,-0.0002669454045051145,0.011018840426623155,-0.0026435430095644863,0.0009215792591992233,0.013263174888254126,0.0013030495104724427,-0.0025072627221415233,0.008438139639442843,-0.038961060697404015,0.01917044273902757,-0.00025334029521728585,-0.008134526751963134,0.01745774966752811,0.007255919547397349,-0.001866899962661983,0.016815966461152243,0.00282540915101668,-0.0004800637779615042,1.0769435652442394,1.1200272397229185
2026-02-26,0.001468331101938558,-0.00947717028156414,-0.01590329911258659,-0.0006138204885682841,0.0004327506343966281,-0.026808948280265366,0.008575889154321725,-0.005554395000458845,0.012417829182225892,-0.013984938670796865,-0.0025978609685336496,-0.0016852760515371212,0.012145813484982337,-0.003163655332159343,0.005611776513337219,-0.0058115997393933805,-0.0038393748046200342,-0.00013008900449643996,1.0728087752538429,1.119881536494294
2026-02-27,0.0019996368650292418,-0.002073003830367126,-0.00025245221996128553,0.0005119386047283125,-0.001189445783791987,-0.0029419694697555565,0.01313141674919538,-0.004801907270092998,0.04256855463222564,-0.015956419720291604,0.017659691913653353,0.012941735934469012,-0.02038089586681968,0.00029286543226936246,0.006665647672020603,-0.007571907668382338,0.0016044462608499745,0.007458137226368627,1.074530039281906,1.1282337666707452
2026-03-02,-0.004029840247511296,-0.017257935959388626,0.055396562823459394,-0.0034625492603465036,-0.023492539879145125,-0.010192995883667177,0.012919896640826822,0.0005685897092166936,0.012456768688700492,0.0056212877676651285,-0.010424402111302022,-0.014442853822833945,-0.0025277874171926173,-0.00190362999601712,-0.002155766223352229,0.0029253421221588916,-0.0017457465880880662,-0.0029518022873954415,1.0726541821320315,1.1249034436575698
2026-03-03,-0.0010719130000982346,-0.050081329341935765,-0.012284630803534813,-0.004536618602381304,-0.037361364526412366,-0.02276423611020717,-0.04461221500318879,-0.008814360718000014,0.04169512316511392,-0.014619471015556829,-0.011291071808433695,-0.010934448447909806,-0.0017543952086074288,-0.010661829904148212,-0.006481568320896747,-0.026369764264524975,-0.01410383930379286,-0.012983738242454964,1.0575256399186999,1.1102979917970837
2026-03-04,-0.0006703642702423629,0.010783994998970536,0.016233259083533902,0.0033143730050788633,0.02026939400043104,0.004159674456552631,0.007818116439543887,0.007055426061514547,-0.033136490946539365,0.017018173783104773,0.001977763734355431,-0.006610457027775074,0.005662944453635355,0.0056850158790677785,0.00015525425129814252,0.014979227132091433,0.004484911137102426,0.0016267152615258085,1.0622685484389425,1.1121041304851815
2026-03-05,-0.0022818543099509814,-0.024047375379556257,-0.00015901365907200482,-0.005058350657005994,-0.030477397927892613,-0.017398516349797166,-0.012017768242597704,-0.0055756895160732345,0.06447239803693905,0.002431333074014441,-0.019993655555692214,-0.02007798509247083,-0.0052426712033221134,-0.008651292694661694,-0.006698851769998071,-0.014678355397480969,-0.007368122143952407,-0.009618290505610668,1.0544416240243653,1.1014075898856854
2026-03-06,-0.0013450105513307387,-0.0053791804922151965,-0.0007948287146865018,-0.006536658412238716,-0.01303999361253938,0.006745396444618912,0.01583250339069653,-0.013106994348447198,0.13707354844358344,-0.020616424753037488,-0.007861700239844782,0.004331957663556318,-0.012883043366119007,-0.014974164141489443,-0.004077793402130991,-0.022466927813766135,0.0009060558265302698,0.002053870881340033,1.0553970070015486,1.1036697388630385
2026-03-09,0.0028286304515823257,0.01971388769738236,-0.014477768181585637,0.002193222483610313,0.010263118126709658,0.01842539162205581,-0.0020696732193965506,0.008759848345474275,-0.09503783469772664,0.01799121236698009,0.010216003686473796,0.002214972846570573,-0.0047458705947373,0.010319118683465467,0.0003149840446627916,0.023852965503047496,0.002977810009829829,0.00172402707230931,1.0585397787733424,1.105572495371727
2026-03-10,-0.0030893401657625663,0.003934964092247251,-0.016546970991537124,-0.00010423392999703296,0.009574944239909344,0.0030153573463422845,0.01127967872100144,-0.0016071064194473905,0.0442998872135314,0.0,-0.007195640836037853,-0.002907934932016132,-0.005364621485921317,-0.0021423912298565995,-0.008501225527279388,0.0042063527619453644,0.0012687281643064391,-5.056499866257897e-06,1.0598827780037108,1.105566905044552
2026-03-11,-0.00444630862801676,0.002556284792043062,-0.008453698047224956,-0.00323077234536584,-0.008443166659938606,-0.005192658054601673,-0.003390104145245987,-0.0012550721328115078,-0.043013966250961544,0.004793898837569088,-0.001958863068612482,-0.01318256537169149,-0.008389924377292801,-0.003794601417764998,0.0006350473630338804,0.0020541658038222277,-0.005033051759083175,-0.006094402636605446,1.0545483331234573,1.098829135183505
2026-03-12,-0.003653887212037632,-0.03195652614584865,-0.02574287466971059,-0.00836473065865373,-0.01796336461442649,-0.006593439777660914,-0.019653925633074443,-0.015184929448649576,0.0678860060555071,-0.0184434419397822,-0.017598878729927936,-0.0040192844017180596,-0.016317493012767192,-0.016539786642122967,-0.009203379840977854,-0.01965511988079338,-0.010564202591251484,-0.009917075347809072,1.0434078708900745,1.0879319638555223
2026-03-13,-0.0009509583250525422,-0.002633871051145986,0.0018691232883214504,-0.004850310093128196,-0.009858664713192855,0.0022124714473097384,-0.012936961278600778,-0.005660153274538393,0.018867857671599708,-0.007544816617327754,-0.0024642086374973005,0.005815995922498596,0.0012287064997529296,-0.005453030931177438,-0.0032030667088849274,-0.0018860321748571662,-0.0018309862998876747,-0.0018921191227501584,1.0414974053732797,1.0858734669824601
2026-03-16,0.0038068188194351205,0.027816914387340796,0.009752413988991071,0.0039202232046642305,0.020513442478493404,0.017660061474347177,-0.0008896876689684641,0.01017678036768932,-0.07521366109445515,0.014473694079201849,0.008144767820746912,0.002832222196425427,0.008386146919323156,0.009377359974827026,0.0051413996067948275,0.013720055463223746,0.006673025867772373,0.003604271819892514,1.0484473445005533,1.089787250119474
2026-03-17,0.0020319269662210093,0.006337738242366164,0.022759715493726462,0.0036940329538224237,0.00011749281337136708,0.0002710554938447629,-0.00251939204778584,0.002630641382033616,-0.014479338466134362,0.005476254739639641,-0.009072073281213289,-0.003294942514430854,0.005273922448785662,0.0016280622123954203,0.007352872950498801,0.006777300704865485,0.002362845095296157,-0.0008869975463898352,1.0509246631661828,1.0888206115025312
2026-03-18,-0.004055192210090319,-0.020255235138636363,-0.0016422630710321018,-0.007781168904118174,-0.010930867434178149,-0.01870422033955188,-0.03163716142328721,-0.013953630828001051,0.08408879503920019,-0.011322948376135011,-0.016706926331265914,-0.02432116627752612,-0.011904832397237941,-0.0142219614778758,-0.013646378177995078,-0.008016721347805622,-0.00880984174209203,-0.013004875074065678,1.0416661832008274,1.074660635471873
2026-03-19,0.0010857735761560239,0.0010423032837414414,0.010445758370756675,0.0028612062222539425,-0.0008318060766054902,-0.0002762533296117864,-0.041215062676522196,-0.0024643625774001254,-0.02623990309701052,0.003406649749229995,-0.0036019404367473307,-0.00810742550518262,0.00040845050987314835,0.000669886362425709,0.0,0.00251781788950467,-0.002589293953811043,-0.00741489010649566,1.0389690032507761,1.0666921449580724
2026-03-20,-0.00799902709399647,-0.034363056205808595,-0.02173379973427103,-0.015639715180731928,-0.03425314159865267,-0.02846089367053195,-0.0305574415876555,-0.014335866992629342,0.06514660151370166,-0.022682788871691617,-0.00873067737429134,-0.008295694196600145,0.0018371192192478958,-0.011945842338575985,-0.007963401723084518,-0.021631714286989956,-0.01410940574364801,-0.011253347633989967,1.0243097680288373,1.0546882874324128
2026-03-23,0.003826802087501413,0.030014394631223684,0.0027458926881354095,0.009769153506800743,0.028940916715380904,0.006257123596719039,-0.02259421410703788,0.010500055284356824,-0.04559353166506175,0.013528441171366978,0.00024192950901169574,0.004267970581184333,0.009031464617263563,0.010735367269307794,0.0067300224045236945,0.01242133915542687,0.006591702665463928,0.0009982388196636792,1.0310617134570137,1.0557411182235725
2026-03-24,-0.002586813727361026,-0.013784686361133947,-0.01087050876222806,-0.005103043914357008,-0.0032316714266316104,-0.0011306241299392505,0.00022274115430986896,-0.0033568197458091475,0.01980764503960475,-0.005841512903260404,0.00013804500011960208,-0.0008622544677535648,0.00020295729756636405,-0.003351439574094228,0.0008053792846614005,0.004171462971670037,-0.0024236339032089834,-0.000983702978539895,1.0285627973319784,1.054702582541009
2026-03-25,0.003821994275564844,0.015923523882504176,0.01015107103406021,0.009083121949030826,0.017651331603155684,0.018675761628958565,0.030089336389747867,0.005572814791767078,-0.021708036502982586,0.004480374615621674,0.010014584635406498,0.004931543103833702,0.0012174966855604819,0.004242139809212064,0.0037019118831123077,0.006679130087316576,0.00824669593978456,0.008637565501876977,1.0370450419765496,1.0638126451827057
2026-03-26,-0.005847275813662289,-0.03396019118935334,-0.015447239873365493,-0.010272268789346728,-0.024070802419516535,-0.029722255703169442,-0.0375939695290467,-0.017858712243157604,0.06919704910612445,-0.031149479611800812,-0.0034190645355268723,-0.004539341465339852,-0.005877567304253595,-0.020451273188564434,0.0006414228206836903,-0.03628930132937813,-0.014098556846410246,-0.0109625027849098,1.0224242034999553,1.052150596097268
2026-03-27,0.0,-0.004867503234149084,-0.03930835912486896,-0.005456871340128067,-0.015475709864082865,-0.002290269769902431,0.03509384246336822,-0.01705191879256185,0.07618790270084119,-0.01947173911136335,-0.017016741433358518,0.007887628267832403,-0.02528028859445708,-0.01498819602525403,-0.010737207150696149,-0.010285086925960973,-0.004214867321431044,0.00037737923213779657,1.0181148211359832,1.0525476558813165
2026-03-30,0.005061041578311443,-0.008152186182858956,-0.032136217836186476,0.001721328052582738,0.001105174727257685,0.004304209896429434,-0.00028942761329309175,-0.003343469515220132,-0.006343567646991954,-0.01862677960247383,0.0039091159798552155,0.0012227142118519385,0.011503852576099094,-0.004324543870013242,0.0025919384306731796,-0.02116556078646903,-0.0026504732814950005,6.257373637541124e-05,1.0154163350050682,1.052613517720858
2026-03-31,0.0021773517481176174,0.037260237131228946,0.05270793046851119,0.008806783839766075,0.03581952731318583,0.025714249006469236,0.037893826237359374,0.02906792539862124,-0.08835544172509258,0.0423529538780445,0.019399190755464257,0.0012213154489131295,0.020884971161724275,0.028526888129373873,0.010825686557590197,0.03995322039892524,0.018611841573660144,0.015034027499765679,1.0343151029634894,1.0684385382928983
2026-04-01,0.00040889308085656495,0.007747847460037205,0.021285785103687394,0.004118789034496695,0.024159170618294423,-0.00947067467423146,0.017499822514495555,0.00753442967227369,-0.027170901960038463,0.015124140587516433,0.007639271979972273,-0.0063429613597679735,0.001417901319297421,0.005004979582513336,-0.0036764671995279663,0.021875859827445554,0.004450184692800452,0.0038197834773429436,1.03891799620223,1.072519742168026
2026-04-02,0.0021792375881595216,-0.011182970768697342,-0.005569173638873437,0.0011720290893748597,-0.013760424231183399,0.0,-0.019208815315471806,0.0009005422726844348,-0.0008637713703506522,0.008005429992705704,-0.006227523782665334,0.0052786761683534245,0.0018204125843750418,0.0020232365459142976,0.0032086577325876053,0.0024873907830542663,-0.0015676813900159915,-0.0021795471359918233,1.037289303793831,1.070182134835689
2026-04-06,-0.0014949811347618747,0.009188969794050816,0.0043275591732661045,-0.00031927010325394356,0.003282841909860057,-0.00028133332324586924,-0.004098669687746526,0.004726703240241825,-0.02363111460504641,0.00580919377936806,-0.0036101374335831826,0.009402847644028434,0.007066449350416892,0.004503912918587094,0.0004798361241289406,0.007484250114697,0.0015073711408762043,0.0007733911949585014,1.0388528837551094,1.071009804275773
2026-04-07,0.0014972194495936897,0.00350196671315417,8.449228695028843e-05,0.0005322038066761792,-0.0007011066835879154,-0.0019690225710550235,0.009727589667910319,0.0004400691374961685,0.03364815093590123,0.004752148687305224,0.0019826205445596656,-0.016936789650208395,0.0,-0.0032984239994647835,-0.0035166395012834473,0.006419263686471943,0.0018937908407217357,-0.00011803921252413621,1.0408202538312221,1.0708833831218705
2026-04-08,0.0019026073842047797,0.05461525347475815,0.033876793939685124,0.011916135326468513,0.04560866210955017,0.02452079032414267,0.00629906958171822,0.0254696046172882,-0.09594519036068927,0.030997618358670653,0.02115026240231166,0.018705308996882275,0.026463504030222795,0.029060371089942194,0.005453935751793315,0.041559808205243964,0.018271887897420933,0.0138959106310034,1.0598380048305913,1.0857642829099587
2026-04-09,0.0004069574352629779,-0.0026472434814341916,0.012502112690851552,0.004205665112943624,-0.013309490590879158,-0.0016505745079863354,0.007778530578574028,0.005769096571727417,-0.040113722801153995,0.002681908296763069,-0.0022716825417188335,0.008093717217329877,0.0025390628517099056,0.006230940371116267,-0.008455632294162574,0.010668526737815265,-4.9134990339301824e-05,0.0014678929265985927,1.0597859297004628,1.0873580686207955
2026-04-10,-0.0014915351827107237,0.004645004271538911,0.013558109479576919,-0.00010470741011792128,-0.0010202001011243578,-0.0011021669701941628,-0.0017811851128632927,-0.0006617946789001516,0.01250414859319382,0.003871233341848912,-0.013527093336212492,-0.01294180953301416,-0.010909852658276153,-0.003895094309369296,-0.01045857206116052,0.003925159941576384,-0.0008907768581501392,-0.005208812670650617,1.0588418969196927,1.0816942241354293
2026-04-13,0.0021728326681740295,0.00842139201490566,-0.004220051081837539,0.005549829010319751,0.002496311238831872,0.005792999735684257,-0.004049183335572026,0.009772337225445238,-0.03867404993025825,0.02096489657073186,0.004480383596030979,-0.009955078647571614,0.01753005243186223,0.008923547328745451,0.009105742729920152,0.00990735487871408,0.003731888170764959,0.0007468714795602766,1.0627933764695174,1.082502110701041
2026-04-14,0.0024390974834582746,0.019158372290253745,0.0182312537409115,0.004477713099248826,0.011997778710068241,0.011793762530912355,0.022349346089928224,0.012184915010662545,-0.012170406060854955,0.01600172769080377,0.005811931474542398,-0.0009810439289775763,0.0023228121405232116,0.0100374032473185,-0.0008057627397914935,0.01608715623354584,0.008701318859570336,0.006860743465792596,1.0720410805200182,1.0899288799837399
2026-04-15,-0.001351896951214293,-0.0006427018713517363,0.0007853390519036996,-0.0021771998057382724,-0.0038027361099838286,-0.00027098204267350656,-0.010402401583740839,0.00789104262604634,0.0037645658089147105,0.015952340238294616,-0.00712227740867355,-0.005032573959265374,0.007531941624466354,0.005411392841497165,0.0035478307143730348,-0.0012576730398883296,0.0006781988698554742,-0.0021848541768546195,1.0727681375692655,1.0875475443178328
2026-04-16,-0.0014889106877318259,0.004019285071910295,-0.008553056715040697,-0.003116828973333652,0.0038172521124326675,0.009490172857538726,-0.0008627455164704756,0.0024573146961406334,-0.001022866918634291,0.01144383629280643,-0.007849996855795127,0.004564541692272828,-0.0026836030264539845,-0.00024458377732683445,0.008034751321833511,0.003074328124262893,0.0014068641806910655,-0.0003183539827741916,1.0742773766361984,1.087201319225643
2026-04-17,0.003931115330108481,0.019055225819143873,0.027384181206214997,0.00750395624892386,0.008723883643344532,0.009938177249306124,0.013293051904224695,0.012085709684531931,-0.010921491575312525,0.015326905193404183,0.014937605284098154,0.01264891423774439,0.007687942370113721,0.01272514166349703,0.004941782989664745,0.013440527786827028,0.010415814940816271,0.010566627832854003,1.0854668509863465,1.098689370945288
2026-04-20,-0.0006751136732994212,-0.0072281161075423705,-0.008473821678736893,-0.0008276883482848385,-0.009535443838325497,0.0015958038902983418,-0.008611208936292858,-0.0019997769579219726,0.012077308039968093,0.0013605296572674064,-0.009274268340873748,-0.0008488700051052511,0.0038146444186042405,-0.0015948924352662264,0.00222085530645022,-0.0032792352466480823,-0.0018676954148072063,-0.002971372346260085,1.083439529525834,1.0954247557313312
2026-04-21,-0.0031076418651933,-0.014719890618322906,-0.01810279424710559,-0.00476228289379077,-0.024515883496893043,-0.014604385510057383,-0.028320000717914406,-0.006546877598048839,0.01909306060003657,0.0008410364846951346,-0.010174884280493623,-0.006675654387952701,-0.006270222639546019,-0.005469692126272574,0.0001581984265828229,-0.007201235885209489,-0.008055812323004211,-0.008789751539486943,1.07471154401265,1.0857962442982496
2026-04-22,0.0010843022090882837,0.018152611391724527,0.00743789898483449,0.0026007211864556012,0.007115032431646462,-0.0037725007829600976,0.013245809401007946,0.010126679110719516,-0.011375047157265672,0.021979383396314445,0.003152332107924316,0.003299220194625363,-0.0017208641929058466,0.00832272917161081,-0.0034815182894689656,0.01620085498312962,0.005529261794118042,0.004754489118666402,1.0806539054926567,1.0909586507268545
2026-04-23,-0.0017600694950076212,-0.016251175072029,0.0012567398764264937,-0.004669057915744235,-0.00786235619128095,-0.012983460852096562,-0.00969535708776803,-0.0038807172806204493,-0.0016920216024182144,-0.014232331777375484,-0.0009563174494670035,0.016685020154304953,-0.007852891934182593,-0.006178508975242414,-0.0022232630307339463,-0.00039853656220789624,-0.005181766150270385,-0.0011558593762947323,1.0750542096650173,1.0896976559412621
2026-04-24,0.0017631728016702652,0.02229350482485959,-0.005961720675538573,0.002814559917770909,0.002871259713110197,0.010139717876332055,0.005127114447075254,0.0077492429694283604,0.009830539509401381,0.02810578702131572,-0.014086545886370927,-0.002994768002279491,-0.0073359143798962245,0.007334012090245867,-0.003183184542838613,0.01819629198799677,0.005872110948364272,0.0004960935071306157,1.0813670472596764,1.0902382478731099
2026-04-27,-0.0016246391237644264,-0.0015688826660573696,0.0022885049821088632,-0.0017670965313247855,0.00412277291112173,-0.011123163400227565,-0.007755303754327758,0.0017229416659827468,-0.030211530655233965,0.002184536642251489,-0.004993584889876113,-0.01069341691718162,0.00758467358171111,-0.0010124953956499594,-0.0017563238461318909,-0.0005340090764107686,-0.003232840711462096,-0.004882186749167996,1.0778711598452617,1.0849155011459077
2026-04-28,-0.00027130150953291743,-0.010213671142709546,0.004645236891853477,-0.0008332044768202262,-0.0013686443098682721,-0.005486960639455862,-0.0185629131043068,-0.004865980739709008,-0.019383851774778638,-0.016939643364298207,0.0026486285106017693,0.008987169410716644,0.000772029000766894,-0.006177838435284633,-0.0003199213939054646,-0.016170910527060545,-0.004794736255525083,-0.002728361648803081,1.0727030519163667,1.0819554593003893
2026-04-29,-0.004476426522129762,-0.004762688311918395,0.010501619325953282,-0.004689901573075916,-0.008565575188715924,0.00248274446476926,-0.010665781709228828,-0.0001546344034137892,0.02435582548237991,0.007982176046999356,-0.0069521186319218,-0.0019258611855341723,0.0013500085056239453,-0.0007285611055799501,0.0062399408248174915,0.005430542685198159,-2.981928016706787e-05,-0.002432780262360367,1.0726710646835256,1.0793232994142503
2026-04-30,0.001498851673426893,0.020737019101672693,0.014115093842094417,0.00314138800737096,0.02637946245216871,0.012383084312975745,0.014973287523456946,0.009949685183250345,-0.02860096177166005,0.0024511495573242836,0.022052716751799428,0.016763196822105364,0.00404471330111722,0.007241413454816659,0.009858543754416749,0.022577653571795864,0.009489780795011626,0.011076960573714347,1.0828504779525239,1.0912789210481533
2026-05-01,0.0013924001851888246,0.0021877585712628544,0.004817938008931488,0.0018870016973413506,-0.0089785935143889,0.0005435416223553702,-0.0011330099187528697,0.00276905737155686,0.00744941754147721,0.01485898135787811,-0.0056852610642289525,-0.0016605784903309662,-0.004028419499186309,-0.00043417730828543277,0.0004723713885059766,0.0039086999107205145,0.001297240340588146,-0.0005977660216633692,1.0842551952753492,1.0906265915889932
2026-05-04,-0.0034078389996924363,-0.0004678204523759222,0.011112053520107912,-0.005127099824429604,-0.0020385514348523204,-0.007063351001977858,-0.02001512681908013,-0.0036633809509297732,0.009507058499659271,0.0011120320564570463,-0.0029623780844857395,-0.007484803011046148,-0.00654849183210604,-0.005116777061221156,-0.004721423090486732,-0.002806154361576496,-0.003310426503506099,-0.005707503067031706,1.0806658481403455,1.0844018369725128
2026-05-05,0.001778089331030186,0.02028093012782972,0.01716215821181888,0.00462758284263054,0.012936937749403743,-0.001641437495458753,0.008584306218673232,0.008022242913074518,0.0013951520081014746,0.022091916666737488,0.003938399812742688,0.00622451461837592,0.00019386789083730704,0.006792718221526606,0.006641312472250416,0.023954376472280714,0.008083116595999595,0.006196703698400546,1.0894009961921787,1.0911215538462327
2026-05-06,0.004232614587592831,0.0319570711453292,0.010508364332220577,0.007851779770874368,0.02711179464474167,0.027404728308329185,0.030339261182306565,0.013899418730159985,-0.022291863812513024,0.026565118652291053,0.0006881309013657688,0.002141392431275202,0.004845906762481311,0.012240949019054925,-0.0036129405954786753,0.027756771510811795,0.01323712385003278,0.00893820467535124,1.1038215321011238,1.1008742216201977
2026-05-07,-0.0025831915666220118,-0.01333533023336575,-0.011790533062808084,-0.0038433448386979707,-0.007526265622824546,-0.008002225015908193,0.001670691560653248,-0.0030660889376450395,-0.006056290635631512,-0.0019995788371894863,-0.004676686076058423,-0.0030863497731502543,-0.005594193539829151,-0.002761253731722091,-0.0026801069182177395,-0.01761474051796541,-0.0057435845411747,-0.0036029815600370357,1.097481639813132,1.09690779209978
2026-05-08,0.0025898817272582697,0.0202734047130515,0.014376806912151707,0.002606889046849359,0.013518024932489103,0.0013444973114709047,0.004841540894530816,0.008256054754597786,0.0057347616343994545,0.0343567670505287,-0.00849913317324924,0.0023813660820433125,-0.006013477002776435,0.004630848888523831,0.0009484763670293272,0.026844785450968578,0.007538732039561503,0.00287544812022254,1.1057552598140217,1.1000618935486308
2026-05-11,-0.0024472175112709715,-0.000735975961128732,-0.005406244953618189,-0.0018720862670782434,0.00043378300369156797,0.0061761770925172765,0.0020287362083613036,0.0022775635209937306,0.014611541525855642,0.013445875215355674,-0.00313613226436793,-0.009622162012453583,-0.0011710756314680104,0.0006653746459643894,-0.0011055476880817983,0.016103516607645307,0.0014180622224399782,-0.0012410636871796376,1.1073232895752283,1.0986966466788974
2026-05-12,-0.002998557015594483,-0.030490490501798084,-0.009695829473007955,-0.0026049876078902967,-0.0021678914441289887,-0.003736255598203453,-0.003957209812161411,-0.0015148976832113359,-0.024235990282771902,-0.01506652270674802,0.019644905499044185,0.012834390166351461,0.00781562381662071,-0.0008548816718925156,-0.002845818313010673,-0.011152450498385313,-0.005244118570412737,0.002135420598217825,1.1015163549489164,1.1010428261294083
2026-05-13,0.0004101527557316409,0.02111820159721778,-0.005785557181662293,-0.0018804962168311734,0.011188388972810603,0.024912829907668188,-0.005612899814961825,0.005594852718878274,0.02123830590369713,0.009417920631794585,0.005896410762080917,0.003315952111603737,-0.011438503473944261,0.002756805713931554,-0.0017440711242614482,0.007123018500990064,0.006230772967415446,0.0027365377206020067,1.108379653276498,1.1040558713551099
2026-05-14,-0.0002733230662789188,0.0025293830973036613,-0.0012682852085421636,0.0,-0.011064593991408578,-0.02665968048042333,-0.007642296271595517,0.007894249484761584,-0.025378963673043597,0.014984417627475155,-0.0005452978390581009,0.0030689545893662906,0.005883408593388317,0.006635989164291534,0.0012706203332102373,0.0060576232008411335,-0.0018768403850285549,-0.0006387965421313097,1.1062994015812848,1.1033506042821686
2026-05-15,-0.005740930747155093,-0.034283204438351866,-0.028908676203287853,-0.008687522863024655,-0.010753768701857624,-0.02792696291827168,-0.02322039069444226,-0.012029288059682064,0.007956644619831588,-0.01805017822928856,-0.010434301243967936,-0.00400101151365706,-0.0037044668489576438,-0.009040872989280913,-0.0017449011158671146,-0.029226965008744776,-0.014282074396802088,-0.010482165730365568,1.0904991512227633,1.091785100389384
2026-05-18,-0.0006873346991416174,-0.0015367565797141935,-0.005692360554346632,-0.0009501931608709713,-0.0016471221646630063,-0.0011050133184469235,0.00273187497307803,-0.0007035134425675826,-0.02404018859413759,-0.010779432339112716,0.004272737152657191,0.014886571671175908,0.012524545697849554,0.0022333063787571827,0.01048788996814487,-0.013242970900359863,-0.0008599139005264215,0.0030130600952179565,1.0895614158441147,1.0950747145079205
2026-05-19,-0.0033015608994231282,-0.010928071934439676,0.0006963658466752065,-0.003910447768539882,-0.006929157800518615,0.0033186008839043435,-0.016561892782745558,-0.006660884222331576,0.013970556989261418,-0.006423539762691832,0.010980050831300714,0.00221192114862534,-0.012369621804296571,-0.006447928505190936,-0.004403232797576595,-0.005878044386604442,-0.003519127809311129,-0.002024273771152824,1.0857271099656651,1.0928579834858896
2026-05-20,0.005520900023924469,0.018674064725897388,0.022033233551587372,0.007108815454900608,0.0101894237969411,-0.0011024707761025931,0.014337773746013083,0.010249029332388027,-0.02102972898152622,0.02251208359845136,-0.0012896154159848239,-0.0066210282318875935,0.010958958691056564,0.012741021835872335,0.0031590504098246708,0.023924277488640344,0.008060774001587657,0.004797542036427389,1.0944789108264952,1.0981010156015085
2026-05-21,0.0010983509871091979,0.008707640827418706,0.0038578128053377014,0.0007374585440202974,0.0017541774830993617,-0.009657875946027406,-0.0009822799906678004,0.0019831294549137457,-0.02925929316767939,0.008242137060130661,0.006932490562431282,-0.010056059595804467,0.001355048111941759,0.0024031111602580424,-0.002204419989493278,0.008578434503143662,-0.00011559465160564499,-0.0007556532187169315,1.0943523949181084,1.097271232034593
2026-05-22,0.0009596977837547094,-0.0022717949456511066,0.00843941983094787,0.0018948661799274014,0.00262665859927802,-0.010309231983098965,-0.0076020599640160835,0.003931565762728351,0.008012247201706346,0.010022383005187097,0.011744844476530458,0.0016536219243377115,0.004059420535782898,0.0077089209606078235,0.015306943258143413,0.004765685685202969,0.0025503631314901824,0.0036464826119876094,1.0971433909189656,1.1012724125028412
2026-05-26,0.002876756756871268,0.03825142845967555,0.025181159046276047,0.004938652182954639,0.014081418328879103,0.006475140235373988,0.00043495402009452455,0.006638589859918387,-0.029523114473621104,0.02633185000486682,-0.009206723631295488,-0.013797222062387537,-0.0017326438654302612,0.0065770246170022695,-0.0029529527346524587,0.03442023870791844,0.007775085441095876,-0.0007217709237603714,1.1056737745244942,1.1004775460963572
2026-05-27,0.0009560273887214699,-0.00014620528881936767,0.0029155999814727274,0.0035550104328563314,-0.006566129847713431,-0.012027988116284916,-0.013309202332427494,-0.000173263723814987,-0.024180926156147975,-0.00383502058983598,0.0018854101575125348,0.011359708697915583,-0.008293205754899446,-0.002548678466698373,-0.0001559861030344667,-0.002292676759578227,-0.0027153599272452733,-0.0009869282684603644,1.1026714722645443,1.0993914536973088
2026-05-28,0.0019105451940886198,0.00321687455747921,-0.00029082395211343925,0.0026047160798017277,0.0044424252609827075,-0.009343059784070018,0.010477609933210896,0.005516626676954184,-0.018385331071348987,0.013121544040443078,0.014046756207456434,-0.001773583291033276,-0.002917141918139965,0.002973393191215923,0.007639476958073432,0.004212899542765491,0.0019667807065503803,0.004087150659008216,1.1048401852418577,1.1038848322017958
2026-05-29,0.000544859234163031,-0.00014575778342651446,0.0009451459391252026,0.0020782948046018657,0.0028047829679709313,0.0017147292839976291,0.010538571648365469,0.002491413132097442,-0.017100980676989064,0.02231740994867515,-0.009345249299437697,-0.01800300320240844,0.006046468099403457,-0.0018065776200377748,0.005260808729637745,0.0036866808693341024,0.0008752724536667736,-0.002707566627883301,1.1058072214217038,1.1008959904690996
2026-06-01,-0.0004507486787094228,0.021574402364661127,-0.02723507976377837,-0.00013537883618308655,-0.00032272680800249365,0.008273872130488913,-0.014048680044494555,0.0027230637662387647,0.026512067654463456,0.024814153473204037,-0.010905285919201813,-0.01061390727772682,-0.00290809284119542,0.002227493370445366,0.007926776954076953,0.003546348845568259,0.0028414882026200805,-0.003438810740246067,1.1089493595957456,1.0971102175131806
2026-06-02,0.0002732467518240522,0.010273987968302478,-0.010153856133152561,0.0026039402668271983,0.006994561482258854,0.02886257035927864,0.001677776649860796,0.0013579961566574372,-0.01654559467518768,0.012515399505840463,-0.009740234738002562,-0.002438164016492439,0.0005832252670994187,-0.0008797535186416683,-0.005726560521496782,0.028713021339384692,0.004182570472685191,-0.0010471551193624315,1.113587618442894,1.0959613729324067
2026-06-03,-0.0019126259958961445,-0.012429493215544762,-0.019158289384610616,-0.0037399257811683295,0.0038469814380748257,-0.022552243945947348,-0.009904155768766798,-0.00701716271996522,-0.002462099763017589,-0.009989507147686094,0.007855254818686541,0.004032746563589651,-0.011465177940149895,-0.0006951650250208719,-0.003378971191539848,0.010643196442471359,-0.005813214375950414,-0.0014783430319389003,1.1071140948904814,1.0943411660734579
2026-06-04,0.001368794461684253,-0.011727658762345494,-0.004690925384776334,0.002085428842648396,0.002022477525169597,-0.001969684549839368,0.008335974543818736,0.003778634283035931,-0.033319600318262865,-0.015593879924155063,0.03070139082001866,-0.0014605461019334687,0.02594848907063585,0.007883875558465592,0.001111500924354969,-0.011016737119662778,-7.446169973979156e-05,0.006066872587111366,1.10703165729317,1.1009803944948564
2026-06-05,-0.004510647103846188,-0.06526772532857605,-0.04125778468906771,-0.007283931713069847,-0.03622639928795501,-0.020298837831207672,-0.036545333189379026,-0.025809369612244448,0.07276591848819813,-0.06662526186137618,0.006115252015149952,0.017064785293999796,0.002107695170482371,-0.01927941870351313,-0.014494953440040148,-0.059532940912438215,-0.019398186881712444,-0.007900942358877075,1.0855572503210251,1.0922816118596987
2026-06-08,-0.00027466575189039055,0.01795939855837525,0.015311502782082043,-0.0012579609900854605,0.013558086668225222,-0.002014352524410512,0.002599431669397134,0.002264222440912178,-0.017850014753391208,0.02151953562138509,-0.0023529068721048763,-0.004434344857242367,-0.00630971295180216,0.003237281011688964,-0.0029729138188251403,0.028094094750219734,0.003794484407433826,0.0003604215236979406,1.089676380380745,1.0926752936625523
2026-06-09,0.002197506217938905,0.001064685847108171,-0.011588200148346162,0.004093198251788888,-0.01087541850752416,0.00028825048468394954,-0.01633647245916592,-0.002935437064612745,0.016558959758564695,-0.018514380221676174,0.012577995799103903,0.012399194524314261,0.009428460823543983,0.0013562277511234289,-0.0009416300769955477,-0.01094953877119198,-0.00023958581074983793,0.002493954790095275,1.0894153093816965,1.095400376445201
2026-06-10,-0.00082220509426989,-0.017623785194817998,-0.024251181909688002,-0.003344853372954204,-0.018251809248840623,0.0017296692677810643,-0.04145558180468856,-0.015765592933211114,0.05681367901633849,-0.02290202733030522,-0.011127633505425005,0.016527901269530965,-0.004384310508570799,-0.008359791925609539,-0.010053440475508824,-0.021531970490289543,-0.00733872303010322,-0.0064300210344386865,1.08142039216139,1.0883569289835262
2026-06-11,0.005760488886656923,0.04392197542203502,0.0556333237535489,0.009648696628779874,0.032366440570390065,0.004604265941427599,0.03134182597256374,0.016996857394830034,-0.04812032587552861,0.03725299200466625,0.00811239182496215,-0.002573397921852294,0.007466974524907188,0.016813422629757824,0.007775284746877054,0.04620887422342079,0.016359221085810404,0.011377188972930101,1.099111587443462,1.1007393714345697
2026-06-12,-0.0012273054920527438,0.005629651208170827,0.01317534282541688,0.000934944602164256,0.005749640611054874,0.010885206773570522,0.0005694792310315666,0.005408207317551872,-0.04423376561547554,0.008678580385040657,-0.0018171345605115796,0.006450184148467875,0.013683046723944825,0.004678119587784746,0.008187698186200798,0.016895960233284102,0.003365966140136179,0.0017493353562255812,1.102811159831028,1.1026649337350098
2026-06-15,0.0008191739972722711,0.032889583637671915,-0.01918138207622666,0.003632178667964059,0.02007393998585827,0.002369605792476248,0.025896360083728975,0.017634009390668393,-0.06776864649973946,0.037824614366744,-0.005981354067173705,-0.003961759933999498,0.004124507285299561,0.012358939630409793,-0.002186459617173897,0.0295888096493635,0.006649811171657678,0.0032841520553600753,1.110144645801901,1.1062862530435091
2026-06-16,0.0015007124440400421,-0.01591398724518367,-0.02557018299407887,-0.0004136403830009572,0.0006379458807757032,-0.015665030689244408,0.002723533282284585,-0.005961575485861181,0.00044327256731246933,-0.027895029054480824,0.0003270351396742477,0.0012867588855929313,0.014749738166720983,-0.006569407072817279,-0.0037564383493678966,-0.02271980695102449,-0.006261314126084943,-0.0016302340874003722,1.103193681449144,1.1044827474833752
2026-06-17,-0.003678009032155205,-0.0011655278520698031,-0.02421639130321951,-0.004034422789248149,0.003506100637806764,-0.026331013057059205,-0.02270955075927472,-0.01248789492983049,0.04297745829945976,-0.0034327187051749197,-0.014580898137213305,-0.02231560356670914,-0.005519758660759488,-0.015200214431320802,-0.022466613899094323,0.006808715771427387,-0.00801005541395242,-0.012106973184604538,1.0943570389284143,1.0911108044767357
2026-06-18,0.002734489164856857,0.03252630449742577,0.02066731237044106,0.004674077269493759,0.019163634160625165,-0.010401256254006008,-0.003808571701190089,0.010396979807429707,-0.03143592394589423,0.03035517793964737,-0.008692260397051066,-0.004541112542539749,-0.008880618592048029,0.006714917763471107,-0.006750254759760987,0.031224278321186905,0.0057551025796429315,-0.00045537047262605166,1.1006551759462015,1.0906139448340137
2026-06-22,-0.002727032125058537,0.005933015447287415,-0.015288321250304993,-0.0034116674552653325,0.007375847379141209,0.003903936068879954,-0.0065354381359996605,-0.0031469282666526377,-0.01228064862571343,0.0049055407180012,0.008847461533257217,-0.006600127587489846,0.00593817814835651,-0.00027793972433676206,-0.005178010006290368,0.0197921394028564,-4.207740614542443e-05,-0.0010382457071398832,1.100608863231337,1.089481619587643
2026-06-23,0.0010937956659426984,-0.056733618416915044,-0.013130699363916754,-0.0014522366159566147,-0.04351862604496037,-0.017947905134425013,-0.018903219228002532,-0.014522012225013592,0.05994672975258841,-0.041425930095442376,0.014127619544183512,0.018739350411798084,0.0033519902745229313,-0.013065877771003542,0.005855565911741412,-0.04478303514382376,-0.011401649524504882,-0.00024216415699772776,1.0880601067092097,1.089217786189671
2026-06-24,0.004507056369999374,0.0011910351829020893,0.0075313935219991635,0.003220458191289355,-0.0015094273816542714,-0.014316210614966796,-0.030213064971900017,-0.0004635003677893046,-0.007540858770307524,-0.006189264565348962,0.007688386918328405,0.00860016602991287,-0.002969553391816815,0.0008450928690439952,0.006791734517921366,-0.0040939053685447035,-0.001285207577249895,-0.0006019345421154773,1.0866617236155638,1.088562148380277
2026-06-25,0.0006797852147031325,0.010557607204054298,-0.004817290894552184,-0.0001036400382196101,0.008422403349057861,-0.02101360606767899,0.009674185334065832,0.0014456368287247834,-0.01857325977789892,0.008303774658494412,0.014867908622272274,-0.0059213820753867275,-0.0050261132701932,0.0002813880356076215,-0.0008030825450388024,0.033159718714334874,0.0010627091658469727,0.0027128458262318193,1.0878165289894253,1.0915152496611042
2026-06-26,0.0009510108942067941,-0.011330144988809021,-0.016441338889339185,-0.0002070614435424334,-0.0063175537182413866,-0.002840913880079343,0.011286779419095394,-0.007231332133985857,0.013333310363113249,-0.018746335938915504,0.030264115422870663,0.009173125929411885,0.002245136182868812,0.0019226956317528465,0.01302040601804677,-0.03996462809571755,-0.001845007267512133,0.007425459608851627,1.0858094995877199,1.0996202520599083
2026-06-29,0.0005430679572639985,0.0035719281894479593,0.014934256758746933,0.0029003411897683407,0.0044180605520689475,0.00379863663517388,-0.013516094115971211,0.01647481275894025,-0.04286928063567497,0.023742449636831475,0.0024947506586752155,-0.004013575734982844,0.0028000799512404306,0.016989568961185864,-0.0033322213952714508,0.03149758570203898,0.004012100988970011,0.0003787736985851539,1.0901658769548488,1.1000367592898201
2026-06-30,-0.004070066894966029,0.01453364010823499,0.009196542667903707,-0.003924879613024679,0.0006436815704651266,-0.0037842616004213347,-0.0005425733809176769,0.007786815227913024,-0.020399073172324367,0.027560574533821436,-0.01294022971966613,-0.015408384868014102,-0.002047644104717583,0.0098485389087839,-0.009711886504702893,0.020327276486781454,0.0010699659080872178,-0.004243553268081381,1.0913323172773506,1.0953686947049261
2026-07-01,-0.0014487949128260125,-0.02821225262183058,-0.0009112800197652593,-0.00020820062013016116,-0.0023586748067602192,0.012029096515704385,0.006026389031102086,-0.0013525036475483532,0.010411930314513151,-0.02571915744587705,0.005546373975109153,0.002768787308137899,0.02182422737310774,-0.0025520452843958985,0.009163997116997447,-0.04296586018508197,-0.0026636099140454716,0.001392728986812577,1.0884254336975325,1.0968942464372886
2026-07-02,0.0006844885369989839,-0.011732947793391735,-0.0009949844005450181,0.0018745164118776358,0.0009671825356156738,-0.0018767427973424011,0.020318398961908235,-0.0013140507435593918,-0.012544748347904533,-0.027098305830191904,0.026325804670811026,0.020288080715702872,0.01533403719627735,-0.0020103337891876905,0.01624979908762403,-0.035263644352619083,-0.00011244080847017606,0.009572536199853944,1.088303050261808,1.107394306318721
2026-07-06,0.0004102650760067217,0.02846275241162033,0.020584293313736346,0.0015593076546005502,0.022868770317542975,0.01817617780721248,0.01057837238078907,0.008727392224116226,-0.024954678836773492,0.016501498009829918,-0.010870861639896812,-0.010471830548122063,0.00934921455172355,0.0002747777415608166,-0.0012541491388891046,0.016364984650068193,0.007456929373849488,-0.00011626790805389746,1.0964184492449554,1.1072655518993346
2026-07-07,-0.003965039665628223,-0.027378991896943927,-0.027651281320709153,-0.004255338864238012,-0.02309223287248119,0.0,-0.012142502784779907,-0.004751890339538711,0.009306689858984862,-0.023914691404370747,0.015312362395003998,0.00903687399622255,-0.001603151696678018,-0.0034326934322084224,0.00847594126293294,-0.028814752946676014,-0.007417590915594777,-0.0006149867616497024,1.0882856657161455,1.1065845982432858
2026-07-08,-0.0020589631444226653,0.007760227126560215,-0.0004181617880911759,-0.0015634531416511832,-0.005694625346886584,0.02923967064217825,-0.008053135463158223,-0.0030894091522385425,0.01475332812102792,0.012389833381248438,-0.013013833438916156,-0.00553850391888,-0.019268506127814833,-0.0037659551307488437,-0.009805467495131448,0.0077134819061730475,0.0012643471006932561,-0.004534111156437883,1.0896616365423197,1.1015672206708487
2026-07-09,0.0017881234363166243,0.008304324241072303,0.0005020296002116176,0.0017747256980971127,0.010589968855021059,-0.0008970927191640499,0.009961224054354512,0.008465256756416295,-0.019536587946579642,0.021775128674162314,-0.0008010614630640234,-0.01410123583854428,0.010369284271112944,0.007283762336342203,0.00471549076174238,0.020168319582853922,0.004162960052245737,0.0011153993217832474,1.09419785440571,1.1027959080016836
2026-07-10,-0.0008237903131373958,0.0017969863548310538,-0.001672634847809773,0.000312641487717924,0.011013755834728745,0.0020951719588122586,-0.003093719744077905,0.004310118179872147,-0.02085267676229763,0.002319883088508057,-0.008201217044363718,0.011057752038086344,0.0030608353343377637,0.005446274542737939,0.0023467396720759925,0.0017745781211844225,0.0008071834207347644,0.0004419735492993058,1.09508107277279,1.1032833146232959
2026-07-13,-0.0037102711331677973,-0.03587446145200035,-0.011476943244196014,-0.0063548696412634165,-0.019354857450960772,-0.0011947704920629576,-0.02620621369961662,-0.007656140611366324,0.030762023270015204,-0.024222178841593722,0.003543884967587063,0.005587134326851206,0.006462034320061427,-0.004734012493221473,0.007179587560349088,-0.02218968890130668,-0.007633660362678217,-0.0039027072374853596,1.0867215957936451,1.0989775228463188
2026-07-14,0.0027585723076897217,0.01813950649527607,0.01838981499106218,0.0019919958659186943,0.012618616841476804,0.009868476214323518,0.013673600487310367,0.0035506379166867497,-0.0123967148416676,0.012908167332658316,-0.019329680211383038,-0.01383140003433514,0.001961891846811614,0.0026984348672136615,-0.01084759112172784,0.016304804727898414,0.004433040672399862,-0.002013832505478474,1.0915390768273736,1.0967643661880206
2026-07-15,0.0016506323848599624,-0.0015227421487638004,0.022717844707757395,0.0016742794437625275,-0.004153790522778866,0.015102111774356164,0.0005374505181017231,0.003963630921285599,-0.03068339564803535,-0.011109851141788751,0.0,0.0005993969207145344,0.00676394478018616,0.002554256770286978,0.0026632839629576743,-0.022172814778956385,0.0005046719411048177,0.00014010326228827344,1.0920899459720679,1.096918026453685
2026-07-16,-0.00013747549206577503,-0.021046168367252593,-0.019609468121950524,-0.0014625257033407113,-0.017005308426637722,0.007292882406722434,-0.01984695723728025,-0.005418616825605738,0.028776996186675063,-0.02235928924372188,0.02217455283906955,0.02803397817076969,0.003359284446422084,0.003912657028061428,0.018749909681793797,-0.02961596806715172,-0.0020504952817773196,0.005933626665339468,1.0898506206905756,1.103426728505142
2026-07-17,0.0006868388424301486,-0.014020898763798084,-0.004564656254580801,-0.0006277032767061375,-0.015449959109568256,-0.011584063866850403,0.009453124418586922,-0.009897199757215702,0.04801858940147308,-0.010872010319791348,-0.004388212847919237,-0.007225205391182987,-0.008634391033530253,-0.012643914416694435,-0.004601102235088472,-0.0043505757581407956,-0.003884433106740309,-0.002173206472169259,1.0856171688581635,1.1010287543971902
2026-07-20,-0.0024704587315393933,0.004266083960466904,-0.011088892812924689,-0.0016748193393778532,-0.0006630297271534857,0.02666275472995072,-0.0021986307389650905,-0.0016143534967409945,-0.016014177505944804,0.0006833968835884274,-0.01142213935911418,-0.0038736807413134455,-0.003910396211703415,-0.004268563288081673,-0.003389848548369212,0.001820736740922646,-0.0002935122634127067,-0.004134499631814593,1.0852985269057323,1.0964765514175177
2026-07-21,-0.0022015192448998633,0.02800495478509535,0.017536479389185233,0.0001048316411107475,0.025544593064228183,-0.01170090858160977,0.019613686984128575,0.008341327043244195,-0.033905966163877976,0.028854343122897363,0.006279421261389695,-0.009427338911806693,0.0012490828275464327,0.005485367630297278,-0.0020098085110650254,0.03912233611247107,0.006419911311198892,0.0035802175746793246,1.092266047194642,1.1004021760371263
2026-07-22,-0.0016546235540716436,-0.005356573213000426,-0.00836856504929484,-0.0030404444718443724,-0.005930509327498501,-0.005775361154221836,0.011499153135369422,-0.001162766737217713,0.00842294762556528,-0.002821074705749216,-0.00511703955533227,0.003806805511056499,-0.0010693165175527097,-0.0036216791518391966,-0.0026337554936045615,-0.000763213516881911,-0.0019195640391157106,5.448849652450174e-05,1.0901693725693,1.100462135297271
2026-07-23,-0.00207186651678426,-0.00600091402473879,-0.003258684731400119,-0.005889153282049531,-0.011823450899439147,0.0008712976773446179,-0.020046439653404247,-0.012349253784127878,0.04501165916678862,-0.010096010272190648,0.012607496765405513,-0.013865822465923383,-0.003925047090934886,-0.006165485775268098,-0.011028264084400163,-0.0008273407407998201,-0.0034713198254119238,-0.0038704808551687318,1.0863850460132434,1.0962028176707648
2026-07-24,0.0008304034203816535,-0.01965939122390492,0.002347210806839861,0.0011636392532679007,0.0012074710449399007,0.0034823781128916487,0.0010228383237773642,0.0010159657563921787,-0.007104788817042573,-0.014401776793561916,0.006999472001115725,0.01105633100881942,0.008597503340159296,0.0037499923895754073,0.019161354348145032,-0.024173444817173984,-0.000774611050271268,0.0035994352398414278,1.085543520151752,1.1001485287227024
2026-07-27,0.0020744454332874973,0.0045791424671628445,0.0008363174239049975,0.003381220057921075,0.0032891465274544895,0.020242825655768293,0.007340712640850455,0.00021661654234961247,-0.006708475929533719,-0.008983381968057813,0.005105446160989402,0.014620305287850188,0.01012252817440995,0.002075561497643097,0.015872906980540114,-0.013251243464302176,0.0042446713217279605,0.0057818761235122335,1.0901512956002277,1.1065094512332414
2026-07-28,0.0024840963966819007,-0.01980506668794868,-0.007604211971576569,0.0024221054486350813,-0.018358652234263806,0.010487606558511553,-0.01404054586409964,0.0023947666975516757,-0.008104385648218582,-0.018416580408970984,0.023623058459816493,0.019915603888151834,0.012658225292288883,0.00552339003474156,0.024271923788499628,-0.0331094459530753,-0.0006904776087800694,0.006066644793054143,1.0893985705404332,1.1132222510340308
2026-07-29,-0.0035793068026819252,-0.020686351874621534,-0.02458745154778874,-0.006618418148256255,-0.005343463733156195,0.013183657388196268,0.004629481218515252,-0.015387445003102407,0.06309574881180313,-0.026418717148040005,-0.0060983025267954405,0.0034459276483098655,-0.015972226422237057,-0.011352256210261258,0.005035582364605995,-0.03150656171383581,-0.005219421588295177,-0.002160954814952605,1.0837125401230967,1.1108166280505465
2026-07-30,0.0005526079944735418,0.041264130839307134,0.02796966156415759,0.002432432740406165,0.04409627877662925,0.01107423969289778,0.016384653740035837,0.01676574369337569,-0.06831769326462422,0.054991797210611315,-0.01636185858359518,-0.02163457248760181,0.0056457818463304665,0.013612380694664639,-0.015915183565130553,0.05531414410209745,0.01093255945222586,-0.0006075396498694181,1.095560291897115,1.1101417629052717
2026-07-31,-0.002623385195972494,0.007862811512863166,0.002267355046311481,-0.0013714748018808232,-0.00964735252488469,-0.0005476576536959099,-0.014900824749758845,0.007199869193782904,-0.026122809477372444,-0.002162351627375214,-0.00593203747989568,-0.0049140448723431485,-0.001052687287535159,0.0018272158843100073,0.001946722018026037,0.0027446172351031084,-0.0017058753145996978,-0.004637937625750091,1.0936914026395121,1.104992994653177
2026-08-03,0.002389466689628028,0.003588755969355706,0.0025136410187962532,0.005347649671747057,0.0056283610336207435,-0.0010959154938998683,0.00045750903333918735,0.014242990614400597,-0.008000003590303506,0.015340628869515482,-0.0019070392344252562,-0.002233983217992286,0.0077274607939121776,0.011034078846224205,0.0058288189638617816,0.007310038068989666,0.004319766917164979,0.0022293059469838433,1.098415894578222,1.1074563621075326
2026-08-04,0.0040194296841218335,0.02611940785365041,0.02615960897201486,0.004960444629234173,0.018297243367082938,-0.004114034968407898,0.00659119276681408,0.01802895214665101,0.009013308099871109,0.049764175470473404,-0.0008629134526130233,0.006009902538403278,0.008713854200893767,0.013935228506755992,0.012927021307557629,0.03833919133887287,0.013224347340488536,0.008355954829463818,1.1129417278924378,1.1167102174449055
2026-08-05,0.0002760631575855488,-0.004242405746922362,-0.020361622616513197,-0.0005251021353832597,0.005813371189193672,-0.00633433030948638,0.04137270374924307,-0.0019965624761277834,-0.03573108662554958,-0.005296949151821995,0.012708161593758316,-0.0004684925281378538,0.002073232476056397,0.0,-0.002200321711060549,-0.010754749056180679,-0.0017370165701861512,0.005287372891500185,1.1110085296694372,1.122614680776285
2026-08-06,-0.002898180144893181,-0.010651317173381303,0.0044895321001641175,-0.0023116632549974314,-0.00010510861544288375,-0.0036031336340826003,7.699101265035146e-05,-0.0015978064697251826,-0.013651910459329009,-0.0031197420193733727,0.0017665709684639985,-0.0025782766333870555,-0.003275815536557314,0.0006226704270382299,0.0016171801127016217,-0.005839111183716494,-0.002955427332992745,-0.001487734011046872,1.107725024693664,1.1209445287343935
2026-08-07,0.0020762365491810986,0.00953557026441576,0.023340504071736268,0.003054252876643071,0.018392012316721162,0.006119538284757198,0.022583179330530445,0.0061153280785064545,0.004448846002195195,0.014244829425229755,0.007479388161999001,0.00011748092739560789,-0.003632649277204969,0.0032004579676243594,0.01629236722952032,0.0037317679647645985,0.007548921489850001,0.007160411427066293,1.1160871539374189,1.1289709527470506
2026-08-10,-0.003453118788914855,-0.00716028679270897,-0.016337727701699722,-0.004199934925146254,-0.008771913939486398,0.00884720834175301,0.01021408716277361,-0.0002974431285415191,-0.005413415945059397,-0.008777967438265977,0.016658735960361604,-0.00199721182480761,0.0036458935297003503,0.00022155909577348254,0.011265124493226697,-0.006465880506020261,-0.0009881357495243475,0.0027218637804573174,1.1149843083210285,1.1320438578925212
2026-08-11,0.0008316244372581494,0.00398959864256021,-0.0017266821224320994,-0.00010536042151920721,0.0023945415953308125,-0.022746006930015605,-0.003925118140567174,-0.003195199981383512,-0.00791686564375138,-0.0012345410769625254,-0.0025529249514267827,-0.003060528493741721,-0.0001730337525081005,-0.002613682734791123,0.002999259009176969,0.0033190049751243844,-0.0025504379729768415,-0.0020635342268094394,1.1121406100018132,1.1297078466455104
2026-08-12,0.0009694046436847792,0.01574199563644818,0.014166819367664507,0.0011599756287947738,0.015683445735098722,-0.01205833726908967,0.009876351898066904,0.0025046088948632583,-0.02992511206743853,0.014885343842051757,0.0025594590583188914,0.00460502214371461,0.002076102062412044,0.0013324750362135873,-0.00398698094769101,0.02072395341392297,0.0031637081479737213,0.003038112726420835,1.1156590983113683,1.1331400264315414
2026-08-13,0.0027670602989924298,0.0033102802247031438,0.011045241945003115,0.004423785565572436,0.00695367930063906,-0.010502382534555044,-0.014719010607066263,0.006977515074108265,0.008740363476893442,0.01011332312305191,-0.0003561945940990796,0.010813319632622553,0.0058701903715658865,0.0076734950347434605,0.013295222629419179,0.004130457234970075,0.003649075686562647,0.0029119795816208672,1.1197302228015087,1.1364397070516274
2026-08-14,-0.0023455586179447208,-0.0010497854604656354,0.0016065915420415688,-0.003250773197698731,-0.0026404197522829076,0.0008605501655660763,0.006316471789712619,-0.0019797506799419384,-0.013506691420071548,-0.003983910606651597,-0.005998427527779127,0.0010464755144017346,-0.0017164468223458407,-0.0058983689272290585,-0.002680571783124308,0.003733779978103202,-0.0018908051006427218,-0.00180415265624892,1.1176130311848917,1.1343893963354836
2026-08-17,-0.002074301959961722,0.010659046358908464,-0.01756357685882115,-0.0036823694349471525,-0.00040729982588560976,0.006018890459910997,0.009987992274373525,-0.004727362317670902,0.00749162806474124,0.0016315350241760118,-0.0019118800037448702,-0.016378209213862238,-0.009972469357630187,-0.005357762767056129,-0.010892688172860265,0.015321172191667065,-0.0008062751996538618,-0.0031140230952859758,1.1167119275150375,1.1308568815562474
2026-08-18,0.0008314030127429817,-0.02941181470453602,-0.0020408163265306367,-0.0006335825964326469,-0.028521905618706822,-0.0011395185917050243,-0.017115101749847983,-0.00675574496080833,0.007692288129757863,-0.02469531691912663,0.01604302199238039,0.010628243900213885,0.004515452044838275,-0.002359404598711645,0.0071510186016494615,-0.03185650010311081,-0.0060884606052695345,0.00046222786353543246,1.1099128709369275,1.1313795951165735
2026-08-19,0.004707794066449278,0.011784577833139798,0.006298541047577988,0.004966210176394981,-0.006186473212682286,0.017683939178538832,0.03836409236791738,0.0020977847370853286,-0.030534371151026418,-0.010666870113209104,0.03505572052237804,0.011217576401550966,-0.006224065016887992,0.001115518840449914,0.017182602880250197,-0.019017965579897766,0.005626941501640302,0.013133226368917287,1.1161582857336072,1.1462382594484133
2026-08-20,-0.0030319893606559623,0.007714447610375874,-0.015363351009772375,-0.004626243141707342,-0.005380904650759133,-0.00028032892782847707,0.003431310265562093,-0.008399827926766523,0.00734914974299361,-0.002940520021499027,-0.018727196524965573,-0.014097524345412782,-0.009220576071883757,-0.009137498149462409,-0.005723753512787866,-0.0025173676977366943,-0.004209459310433851,-0.007406392215858233,1.111459862845808,1.1377487693261157
2026-08-21,-0.0015204463842618532,0.007505253368150777,0.013786888765843885,0.0005282337542016347,0.009653163196291503,0.005326673707868768,0.019505792504578512,0.004091229991858514,-0.012506501534078729,0.0011468709886945927,0.012935776572195135,0.007852748808617749,0.009306386314854365,0.0041385803962097345,0.011232781375343226,0.0001967381752638886,0.0048904849115994405,0.007269078789937846,1.1168954405349039,1.1460191547735021
2026-08-24,0.0019381662943500633,-0.015047707015803158,-0.011482114226944007,0.0013723914227963263,-0.0035722206996743333,-0.008644767652388974,0.007865686897826407,-0.0029384361156037375,0.0005276158908003037,-0.01778405438738162,0.00045814720463543956,0.016978739133816756,0.012874080987701708,0.0025983187824558662,0.0020826981315396065,-0.015008079909488159,-0.0022347146378936785,0.003639166467619311,1.1143994979449439,1.1501897092528035
2026-08-25,0.0041453759127254575,0.01724397790233767,0.011121167154698908,0.005587795443625865,0.008329828616955748,0.00028135404908935513,0.0032342095547504,0.003195939766817757,-0.0152953070771088,0.009386303397343365,0.003377145863715292,-0.010634691781778227,0.0015458108125878667,0.0012064546038743629,-0.0012469366303082818,0.006021516971408181,0.0037318074340025667,0.0007486769570854704,1.1185582222758235,1.151050829784398
2026-08-26,-0.0012384577424100485,-0.0011896183056459009,0.007902894228332569,-0.0007339097812376627,-0.002091362061970803,-0.0002812749112540702,-0.015768448815633995,0.00022200767959623668,-0.006962997334513554,0.006052554378845221,-0.009983478688889269,-0.0028894256147097286,-0.0008574874953296563,-0.0011157364495243405,-0.0030521804232185312,0.005290973724014991,-0.001416166291677729,-0.004561257679001674,1.1169741578261574,1.1458005903481225
2026-08-27,-0.0005511667910879092,0.006550579922595112,0.011559294444738688,-0.0018885826295904629,0.004296301282654458,-0.00872004402944071,0.0030380678748820333,0.006552844629756693,-0.023732497968169675,0.031557650475597,-0.01129415320153404,-0.013793852426181918,-0.006522458499598649,0.003484925925852478,0.002783078090562885,0.0007566316673388584,0.00024859468543271177,-0.003433365259525603,1.1172518316655586,1.1418666384068774
2026-08-28,-0.0031706665270663237,-0.006951652365924765,-0.015103079741622394,-0.0025228748303682824,0.0003130885834514707,0.007661652389516993,-0.03244200486764748,-0.0022694869107554583,0.014364653226638158,-0.015481676873067562,-0.002447821760010682,0.004348778164745104,0.003800948252855596,-0.004363360760023416,0.00471832558076124,-0.014857244748717746,-0.0034011871799499863,-0.00494762131464079,1.113451849058922,1.1362171146882183
2026-08-31,-0.0009680640508361593,-0.0017873510228320066,-0.003651090857948902,-0.001264627913116212,0.0001042506159338874,-0.003942534392166963,-0.0011494563424524484,-0.002989548034258882,-0.019607875728968494,0.004362085511585789,-0.0036223946643642035,-0.005500262741101047,-0.0067125905482513515,-0.0044718587457472925,-0.004143639819777611,0.002168727975131901,-0.002958928191964381,-0.003471090463169806,1.1101572249923466,1.1322732022973336
2026-09-01,-0.002736585738086439,-0.0037302299689963014,-0.012622174374902095,-0.0028190984561140553,-0.006883563325209674,-0.0008481419339210206,-0.028573559189207676,-0.006870413937474118,0.030555513170030357,-0.015335081281730112,0.006626071120823918,0.003177198921136881,-0.00883722741334858,-0.007321813747477646,-0.003467454069247311,-0.012784562784242115,-0.004191462671847472,-0.003864160022063397,1.1055040424239093,1.1278979174549626
2026-09-02,0.0005571934115784494,0.005691252088028342,0.024082459125322364,0.0006377424840446899,0.008611632895525911,0.005659331128350598,0.015198484635909004,0.004436916429827686,-0.028571363940436467,-0.00021778548761686167,0.00745614254235849,0.003284424297893551,0.00804189280028389,0.0018552161910532217,0.005706441303183762,0.001753668058944724,0.0037146944053481627,0.004521650914019859,1.1096106521053912,1.132997878104344
2026-09-03,0.0013921546926352057,0.004765445831016013,0.01465732239399653,0.003186356001075863,0.01936693661620792,-0.005627483336728689,0.01847162834290339,0.010468417941536634,-0.02219753653546319,0.012908473143437904,0.0017923632466165795,-0.003156768133144916,0.015608771155011025,0.009304488532510646,0.005582716775585972,0.008012396355173479,0.005005124038388209,0.004662815015719207,1.1151643910534954,1.138280837623147
2026-09-04,0.00027800143169143254,0.0182302609350129,0.0025398817386301786,0.00021179749187161256,0.0038814836312082157,0.015280161663717484,-0.008410151130527455,-0.0038542322600894074,0.005675282029410145,0.007044139396283233,-0.010446647281044497,-0.007975549310937247,-0.007855193176916742,-0.003938080412306255,-0.01287554010734393,0.018168432013631275,0.002108092606644836,-0.003933469956174035,1.117515260861469,1.1338034441466678
2026-09-08,-0.0008338785425787698,0.0018923564568780193,-0.007837842474110568,-0.0011643972576498296,-0.003256000191278252,-0.0245262274782162,-0.017331632085403892,-0.005492178930014524,0.015237046739623006,0.0031502676014472097,-0.025196838575616942,-0.006621065014315031,-0.013769389477515492,-0.008042093307601417,-0.01865360132017413,0.012563151025928754,-0.005947296687489006,-0.009661042451591289,1.110869066052329,1.1228497209410064
2026-09-09,-0.00222556731218837,-0.005084969705219211,-0.003112028332254657,-0.0020135909302377852,-0.009799909079672764,-0.012857164655412978,0.009081369137713402,-0.004647717444469568,0.01723176597478715,0.0,-0.0032909084027133995,-0.011544767553561819,-0.0041884363427091564,-0.005570898296615168,-0.006717181827975427,0.0019437726465560967,-0.00326594588562227,-0.002800279223452497,1.1072410277965905,1.1197054281963958
2026-09-10,-0.006413030703179556,-0.021612197493908858,-0.02217238962859147,-0.008070452602881972,-0.00577317070715222,-0.005788734221589209,-0.017329913589140267,-0.005994275703456675,0.0316939862233141,-0.014105420959812931,-0.005522849118167583,0.0004815798482136202,-0.003329847969012034,-0.005192235862386374,-0.003741037931373703,-0.019852044960741222,-0.0075915344003664635,-0.005921981329330741,1.0988353694445756,1.1130745535562665
2026-09-11,-0.0007014932610936997,0.01253725877448697,0.012770117156419403,-0.0007494628141969661,0.02198252865532191,0.004075784878161848,0.006080340476276369,0.008524301461116268,-0.042902515992987666,0.013227509518180192,-0.0018109526668788067,0.0034902354187495988,0.006681878486785253,0.008149475854086985,0.010109829567210404,0.012832027656463296,0.004421898133885549,0.002617770028044787,1.1036943075141699,1.1159883267615454
2026-09-14,-0.0007020928236557422,-0.02727002614957119,-0.005577129280619375,-0.0012855701938654374,-0.00994313871564867,0.010147824212476397,-0.01487070952969316,-0.004461653484890693,0.008854446602892807,-0.018063615987392367,0.014453325745138246,0.012472994167928464,-0.0038427754644390077,-0.00022708298640083946,0.00886467108300315,-0.02390565972342562,-0.003619536535969339,0.0014282803899751677,1.099699445643581,1.1175822710041001
2026-09-15,-0.00028097012197381144,-0.0034853119409682387,-0.003332488310028525,-0.0024673176777703087,-0.006763718484572689,-0.01262912241050329,0.0033346847846598138,-0.004586752409134642,0.0016456767635131264,-0.0029303077030337077,-0.0005364439473143356,-0.008173349085460524,-0.0031562664710523824,-0.004538523689232132,-0.0012754583475699244,0.0013808040987628445,-0.00325115043790922,-0.0023286623293383574,1.0961241573093081,1.1149797992696764
2026-09-16,-0.0005622054064580162,-0.0006082864085751316,0.005219371842382969,0.0007527658504391521,0.0009286418591163415,-0.013953585338433494,-0.006114432828691951,-0.0044098804847823025,0.009309971202796197,0.0010339596205346524,0.000656046227460072,-0.004777329591350132,-0.01618287488330228,-0.005990477421205953,-0.012771413513392949,0.0010683342666610862,-0.0029883996455031614,-0.0031233170909522067,1.0928485002661776,1.1114973638065508
2026-09-17,0.0050625876425483,0.018107157932178763,0.01719937595688492,0.0064475190119990256,0.009277409607877596,0.007959919585457609,0.01689895155515475,0.011338753705953053,-0.03798159258537115,0.022454263854979617,0.006198909235924699,0.0019200310832334644,-0.0008939762999429224,0.007268720920764027,0.002299894535162439,0.02097858395296237,0.007659774328020528,0.006133743049263169,1.1012194731529321,1.1183150030360736
2026-09-18,-0.003777868586109956,0.0017933808193086875,-0.004944928463623599,-0.002989604929993117,-0.009294286876444513,0.003802312762120952,0.007053991815196836,0.0012869590529585029,0.0016920861489049255,0.008188892356616906,-0.002487988107743533,-0.008264392873239657,-0.0003579515879554851,0.0010504486446438754,-0.010468999308616889,0.011433424983102292,-0.0004521460735772116,-0.0016653788208931045,1.1007215610919991,1.1164525849149303
2026-09-21,0.0028090531770965654,0.026853693637747256,0.023004128471027174,0.004283588965990015,0.00989689777806868,0.01719114679004119,-0.006954678693661731,0.015504992215651825,-0.00394142420732535,0.028889202943612746,0.007523150201122819,-0.004121184375374454,0.004257825379199609,0.017109225866008382,-0.004492718240489135,0.021413361499160066,0.010394444971431775,0.004573090071322216,1.1121629507876383,1.1215582231461068
2026-09-22,0.0001400859386093689,0.0039226592457330955,-0.006581496168355683,-0.0007464245653164836,0.008370760539892608,0.002578062245238266,0.004242186908711476,-0.00015513266604716414,-0.030525771578565508,0.0072876475466514545,0.005206821557389718,0.009887758863443619,-0.019678036829911538,0.0006280655498926979,-0.004804219236069884,0.005217372004693743,-0.00041501475032653464,0.0016255913264251317,1.1117013867582948,1.1233814184657338
2026-09-23,-0.008402269608536517,-0.020115765851558054,-0.015300910382505362,-0.011204731966935388,-0.01751362369829934,-0.018285696847098243,-0.017971860698818842,-0.007202161019229769,0.019825082224522506,-0.004738410935576365,-0.006415894648340581,-0.0036262908205559885,-0.004744494984543213,-0.004169130335924587,-0.006143916986473985,-0.0029883035787741097,-0.009209603410933744,-0.007522218507554429,1.1014630578748656,1.1149310979687082
2026-09-24,-0.005084036474562348,-0.006793665495383849,-0.016660006860038767,-0.005180264817212343,-0.012776975313465222,-0.0034924019136546303,-0.003028920857810369,-0.000820521854125067,0.004574038007602477,-0.0032250928423984693,0.006338815438893031,-0.00885603972135074,-0.00018339083356366803,0.001845699393337119,-0.00588757008397045,0.0015775358281842067,-0.003823078428591803,-0.002521925932605332,1.0972520782184136,1.1121193243196728
2026-09-25,0.002555007991100755,0.010855068504588727,0.0017105703315911658,0.0,0.022127155835543144,-0.008177645451759141,0.00439123084577675,0.005435468794763754,-0.015367129337128471,0.008011902340931965,0.004886100282054606,0.004406372384317514,0.005684969378886295,0.004673076934943898,0.002813183873714875,0.0033075689166581768,0.003206173157080857,0.003617738701136731,1.1007700583781488,1.116142681439546
2026-09-28,-0.0038934433976786087,-0.011841722056838866,-0.018173691245273016,-0.007593805011116728,-0.009292389045987615,0.008245070716805802,-0.031038861293532283,-0.004239266998886992,0.009826594438788527,-0.006980233077667153,0.0005858588477065663,-0.0009139282290209216,-0.004558716252815342,-0.0016100926528376247,-0.009301710491470216,-0.009230776896095194,-0.005601260126877895,-0.006253477060949014,1.0946043589412942,1.1091629087844177
